russian,zilo,gender,abs.pl,obl.sg,obl.pl,loc,GA,aor_perf,imp,pos,transducer_entry,transducer_lexicon_group
глупеть,абдаллъери,,,,,,,абдаллъий,абдаллъиб,V,,
смешивать,абжоллу,,,,,,,абжолъи,абжолло,V,,
стирать,абчери,,,,,,"авчери, айчери",абчо,абчо,V,абчери:а :ч; абчо; абчо,
купать,абчери,,,,,,"авчери, айчери",абчо,абчо,V,,
купаться,абчери,,,,,,"авчери, айчери",абчо,абчо,V,,
слышать,анлъери,,,,,,,анлъи,анлъиб,V,,
слушать,анччери,,,,,,,анччий,анччиб,V,,
смысл,анччери,,,,,,,анччий,анччиб,V,,
жаловаться,арзи джидери,,,,,,,арзи джеди,арзи джеди,V,,
рубить,ароллу,,,,,,,аролъи,аролло,V,,
открываться,архинну,,,,,,,архон,архон,V,,
открывать,архинну,,,,,,,архон,архон,V,,
блеять,багӏадери,,,,,,багӏадирил,багӏадир,багӏадиб,V,,
считать,багвери,,,,,,,багу,баго,V,,
встретиться,бади вуъери,,,,,,,бади вуъоб,бади вуъоб,V,,
мочь,бажануллу,,,,,,,бажарун,бажаруннуло,V,,
начинаться,байбихьунну,,,,,,,байбихьун,байбихьон,V,,
собирать,бакӏарунну,,,,,,"бакӏарун, ракӏарун, вакӏарун, йакӏарун",бакӏарун,бакӏарун,V,,
собираться,бакӏарунну,,,,,,"бакӏарун, ракӏарун, вакӏарун, йакӏарун",бакӏарун,бакӏарун,V,,
мерить,басинну,,,,,,,басон,басон,V,,
взвешивать,басинну,,,,,,,басон,басон,V,,
лаять,бахери,,,,,,,бахор,бахоб,V,,
продавать,бахоллу,,,,,,"бахолъий, рахолъий",бахолъий,бахолло,V,,
шить,бахинну,,,,,,"бахон, рахон",бахон,бахон,V,,
соединять,бацӏери,,,,,,рацӏери,бацӏи,бацӏо,V,,
читать,баъери,,,,,,,баъи,баъо,V,,
оставаться,беддери,,,,,,"веддо, йеддо, беддо",беддой,беддо,V,,
оставлять,беддери,,,,,,"веддо, йеддо, реддо",беддо,беддо,V,,
жарить,бежери,,,,,,"бежо, режо",бежа,бежо,V,,
печь (глагол),бежери,,,,,,,бежа,бежо,V,,
сплющиваться,бекӏеркъанну,,,,,,"бекӏеркъанний, рекӏеркъанний, векӏеркъанний, йекӏеркъанний",бекӏерхъанний,бекӏерхъанниб,V,,
грабить,бекъашери,,,,,,,бекъаши,бекъашо,V,,
прятать,бекъашолери,,,,,,,бекъашулъи,бекъашулло,V,,
морщиниться,бекъиркъанну,,,,,,,бекъиркъанний,бекъиркъанно,V,,
морщиться,бекъиркъанну,,,,,,,бекъиркъанний,бекъиркъанно,V,,
сеять,бекьери,,,,,,"бекьи, рекьи",бекьи,бекьо,V,,
пахать,бекьери,,,,,,,бекьий,бекьо,V,,
шевелить,бергъоллу,,,,,,рергъоллу,бергъолъи,бергъолло,V,,
топтать,берхьунну,,,,,,,берхьун,берхьон,V,,
доить,берчӏери,,,,,,"йерчӏери , берчӏери",берчӏи,берчӏо,V,,
менять,бершери,,,,,,"бершой, рершой",бершой,бершо,V,,
воровать,бехъащери,,,,,,рехъащери,бехъащи,бехъащо,V,,
чистить,бецӏцӏомийдери,,,,,,,бецӏцӏомийди,бецӏцӏомийдо,V,,
вянуть,бечӏанну,,,,,,,бечӏаний,бечӏан,V,,
разгружать,бечӏуйдери,,,,,,,бечӏуйди,бечӏуйдо,V,,
ткать,бещери,,,,,,,бещи,бещо,V,,
выращивать,бижунну,,,,,,,бижунний,бижонно,V,,
расти,рижунну,,,,,,"рожун, бижун, божун",рижун,бижум,V,,
глотать,бикӏкӏунну,,,,,,,бикӏкӏунний,бикӏкӏон,V,,
класть,бикӏоллу,,,,,,"бикӏолъи, рикӏолъи, вукӏолъи, йикӏолъи, бокӏолъи, рокӏолъи, вокӏолъи, йокӏолъи",бикӏолъи,бикӏолло,V,,
блестеть,боквери,,,,,,"роквери, рикоко, вукоко, йикоко, вококо, йококо",бококо,"бикоб, бокобул",V,,
зажигать,биколлу,,,,,,риколлу,биколъи,биколло,V,,
кормить,биконну,,,,,,"биконлъи, вуконлъи, йиконлъи, воконлъи, йоконлъи",биконлъи,биконно,V,,
сохнуть,бикъвери,,,,,,рикъвери,рикъу,бикъуб,V,,
надевать,бикьинну,,,,,,,бикьин,бикьон,V,,
вариться,билъомаллу,,,,,,рилъомалло,билъом,билъом,V,,
варить,билъонну,,,,,,"билъонну, рилъонну",билъон,билъон,V,,
беднеть,бискинлъери,,,,,,,бискинлъи,бискинлъиб,V,,
находить,бисонну,,,,,,,бисон,бисонно,V,,
терять,вутӏери,,,,,,"ритӏу, йитӏу, вутӏу, вотӏуй, йотӏуй",битӏу,битӏуб,V,,
заблудиться,вутӏери,,,,,,"ритӏу, йитӏу, вутӏу, вотӏуй, йотӏуй",битӏу,битӏуб,V,,
брать,бихери,,,,,,"рихи, бихи",бихи,бихо,V,,
покупать,бихери,,,,,,"рихи, бихи",бихи,бихо,V,,
ломаться,бихъинну,,,,,,,бихъим,бихъим,V,,
портиться,бичӏери,,,,,,ричӏой,бичӏой,бичӏоб,V,,
портить,бичӏоллу,,,,,,ричӏоллу,бичӏолъи,бичӏолло,V,,
понимать,бичӏчӏунну,,,,,,ричӏчӏунну,бичӏчӏун,бичӏчӏум,V,,
ловить,биччери,,,,,,"биччери, йиччери",биччи,биччо,V,,
держать,биччери,,,,,,"биччи, риччи",биччи,биччо,V,,
хватать,биччери,,,,,,"биччи, риччи",биччи,биччо,V,,
слепнуть,ботӏилъери,,,,,,,ботӏилъи,ботӏилъиб,V,,
сосать,боххинну,,,,,,роххонний,боххонний,боххон,V,,
выбирать,бочӏери,,,,,,рочӏери,бочӏо,бочӏо,V,,
верить,бужери,,,,,,"бужу, ружу",бужу,бужуб,V,,
сбивать,букӏоллу,,,,,,"рукӏолло, вукӏолло, йукӏолло",букӏолъи,букӏолло,V,,
ронять,буколлу,,,,,,"йуколлу, вуколлу, йукӏоллу, вукӏоллу",буколъий,буколло,V,,
кроить,букъери,,,,,,,букъи,букъо,V,,
летать,бурери,,,,,,,бури,буриб,V,,
плавить,буцӏоллу,,,,,,руцӏоллу,буцӏолъи,буцӏолло,V,,
приоткрывать,бучӏонно,,,,,,ручӏонний,бучӏонний,бучӏонно,V,,
мстить,бучӏчӏоллу,,,,,,,бучӏчӏолъи,бучӏчӏолло,V,,
мазать,бушери,,,,,,"бушери, рушери",бушо,бушо,V,,
красить,бушери,,,,,,,бушо,бушо,V,,
драться,вахери,,,,,,,вахой,вахоб,V,,
пьянеть,вегулъери,,,,,,,вегулъиб,вегулъиб,V,,
говорить,веддонну,,,,,,"веддон, йеддон, веддонил",веддон,веддом,V,,
ругать,вейхъвери,,,,,,,вейхъу,вейхъуб,V,,
плакать,йекӏуъери,,,,,,"векӏуъи, йекӏуъи, бекӏуъи, йекӏуъол, векӏуъол",векӏуъи,векӏуъиб,V,,
ходить,велӏери,,,,,,"велӏи, йелӏи, белӏи",велӏи,велӏиб,V,,
двигаться,велӏери,,,,,,,велӏо,велӏиб,V,,
смеяться,велълъери,,,,,,,велълъи,велълъиб,V,,
шевелиться,вергъери,,,,,,"йергъери, вергъерил",вергъа,вергъаб,V,,
радоваться,вергьинну,,,,,,"вергьан, йергьан, йергьамол",вергьан,вергьам,V,,
радовать,вергьонну,,,,,,"вергьанний, йергьанний, бергьанний",вергьанний,вергьам,V,,
хвалить,веццихъери,,,,,,"веццихъи, йеццихъи, беццихъи, йеццихъол",веццихъи,веццихъо,V,,
чернеть,бечӏедирлъери,,,,,,"вечӏедирлъи, йечӏедирлъи, бечӏедирлъи, бечӏедироллъи, вечӏедироллъи, йечӏедироллъи",вечӏедирлъи,вечӏедирлло,V,,
спасать,ворчӏонну,,,,,,"ворчӏонну, йорчӏонну, борчӏонну","ворчӏон, ворчӏонлъи",ворчӏонно,V,,
ссориться,вохоннери,,,,,,"вохоннери, йохоннери, вухоннери, йихоннери",вохонний,вохом,V,,
стареть,вохорлъерий,,,,,,"йохорлъи, бохорлъи,",вохорлъи,вохорлъиб,V,,
разводиться,вуххери,,,,,,"вуххий, йиххий",вуххий,воххиб,V,,
останавливаться,вугъери,,,,,,,вугъи,вугъиб,V,,
задерживать,вугъери,,,,,,,вугъи,вугъиб,V,,
быть,бикӏвери,,,,,,,бикӏо,вукӏоб,V,,
падать,вукквери,,,,,,"вукку, йукку, букку, вукӏуй, йукӏуй, букӏуй",вукку,вуккуб,V,,
есть,вуконну,,,,,,"йикон, йокон, вукон, вокон",вукон,вуком,V,,
кушать,вуконну,,,,,,"йикон, йокон, вукон, вокон",вукон,вуком,V,,
умирать,вучӏери,,,,,,"вучӏо, вочӏой",вучӏо,вучӏоб,V,,
убегать,вучӏчӏунну,,,,,,"вучӏчӏун, йучӏчӏун, бучӏчӏун, вачӏчӏун, йачӏчӏун",вучӏчӏун,вучӏчӏум,V,,
просыпаться,вучӏчӏери,,,,,,,вучӏчӏи,вучӏчӏиб,V,,
встать,вучӏчӏери,,,,,,,вучӏчӏи,вучӏчӏиб,V,,
приходить,вуъери,,,,,,"вуъо, йиъо, воъол, йоъол",вуъо,вуъоб,V,,
идти,вуъинну,,,,,,"вуъон, йиъом, йоъомул, воъомул, буъом",вуъон,вуъом,V,,
созревать,биъунну,,,,,,,биъунний,вуъум,V,,
вспыхивать,гвангъунну,,,,,,,гвангъунний,гвангъум,V,,
вешать,гелоллу,,,,,,,гелолъи,гелоло,V,,
катиться,гиригирери,,,,,,,гиригирий,гиригириб,V,,
глохнуть,гоъилъери,,,,,,,гоъилъи,гоъилъиб,V,,
бороться,гугарунну,,,,,,,гугарун,гугарум,V,,
обманывать,гуккунну,,,,,,,гуккун,гуккон,V,,
блеять,гъаргъадери,,,,,,,гъаргъадир,гъаргъадиб,V,,
ворчать,гъулгъудери,,,,,,,гъулгъудир,гъулгъудиб,V,,
рычать,гъулгъудери,,,,,,,гъулгъудир,гъулгъудиб,V,,
бадаться,гъуммери,,,,,,,гъуммир,гъуммо,V,,
бодаться,гъуммери,,,,,,,гъумми,гъуммо,V,,
скользить,гъурери,,,,,,,гъури,гъуриб,V,,
унижать,гьакъийдери,,,,,,,гьакъийдий,гьакъийдо,V,,
остывать,гьалтери,,,,,,,гьалтой,гьалтоб,V,,
смотреть,гьалчӏинну,,,,,,,гьалчӏон,гьалчӏом,V,,
качаться,гьанкӏери,,,,,,,гьанкӏишо,гьанкӏишоб,V,,
белить,гьацӏайдери,,,,,,,гьацӏайди,гьацӏайдо,V,,
седеть,гьацӏалъери,,,,,,,гьацӏалъи,гьацӏалъиб,V,,
белеть,гьацӏалъери,,,,,,,гьацӏалъи,гьацӏалъиб,V,,
зевать,гьаъакьери,,,,,,,гьаъакьо,гьаъакьиб,V,,
видеть,гьаъери,,,,,,,гьаъо,гьаъоб,V,,
поднимать,гьебцӏоллу,,,,,,,гьебцӏоллъи,гьебцӏолло,V,,
подниматься,гьевцӏери,,,,,,"гьейцӏери, гьебцӏери",гьевцӏи,гьевцӏиб,V,,
бегать,гьеллери,,,,,,,гьелли,гьеллиб,V,,
бежать,гьеллери,,,,,,,гьелли,гьеллиб,V,,
краснеть,гьиᵸрилъери,,,,,,,гьиᵸрилъи,гьиᵸрилъиб,V,,
тяжелеть,гьокӏорулъир,,,,,,,гьокӏорулъи,гьокӏорулъиб,V,,
выть,гьомдери,,,,,,,гьомди,гьомдиб,V,,
мычать,гьуммедери,,,,,,,гьуммеди,гьуммедиб,V,,
спорить,даъбадунну,,,,,,,даъбадунний,даъбадум,V,,
убивать,джабери,,,,,,,джаби,джабо,V,,
ударять,джабери,,,,,,,джабо,джабо,V,,
делать,джидери,,,,,,,джеди,джидо,V,,
звенеть,звархунну,,,,,,,звархун,звархум,V,,
стонать,зигардери,,,,,,,зигардир,зигардиб,V,,
"ныть, скулить",зигардери,,,,,,,зигардир,зигардиб,V,,
скрипеть,зиркъунну,,,,,,,зиркъун,зиркъум,V,,
визжать,зумзудир,,,,,,,зумзудир вугъи,зумзудир вачӏоб,V,,
жужжать,зуннери,,,,,,,зуннир,зунниб,V,,
вздрагивать,ирери,,,,,,,ирий,ириб,V,,
молоть,ихохъери,,,,,,,ихохъий,ихохъо,V,,
давать,иччери,,,,,,,иччи,иччо,V,,
дарить,иччери,,,,,,,иччи,иччо,V,,
качать,йергъоллу,,,,,,"вергъолъи, йергъолъи, бергъолъи, йергъолъирил",вергъолъи,йергъолло,V,,
жениться,йошикӏва йичинно,,,,,,,йошикӏва йичон,йошикӏва йичом,V,,
есть,кӏаммери,,,,,,,кӏамми,кӏаммо,V,,
лениться,кӏвахӏаллъери,,,,,,,кӏвахӏаллъи,кӏвахӏаллъиб,V,,
месить,кӏвкӏварери,,,,,,,кӏвкӏварий,кӏвкӏваро,V,,
рычать,кӏкӏунери,,,,,,,кӏкӏунир,кӏкӏуниб,V,,
скулить,кӏкӏуннери,,,,,,,кӏкӏуннир,кӏкӏунниб,V,,
капать,кӏурдери,,,,,,,кӏурдир,кӏурдиб,V,,
стучать,кӏутӏишери,,,,,,,кӏутӏишо,кӏутӏишо,V,,
тесать,каннери,,,,,,,канний,канно,V,,
строгать,каннери,,,,,,,канний,канно,V,,
светать,кванлъери,,,,,,,кванлъий,кванлъиб,V,,
улыбаться,ккиммери,,,,,,,ккимми,ккиммиб,V,,
молиться,ккубайдери,,,,,,,ккубайди,ккубайдиб,V,,
плавать,коллери,,,,,,,коллир,коллиб,V,,
просеивать,кудери,,,,,,,куди,кудо,V,,
щекотать,куликонну,,,,,,,куликонлъи,куликонно,V,,
искать,кустери,,,,,,,кусти,кусто,V,,
мигать,къабшунну,,,,,,,къабшун,къабшум,V,,
моргать,къабшунну,,,,,,,къабщун,къабшум,V,,
кусать,къаммери,,,,,,,къаммий,къаммо,V,,
крепнуть,къвакӏунну,,,,,,,къвакӏунний,къвакӏум,V,,
спорить,къеценхъвери,,,,,,,къеценхъуй,къеценхъуб,V,,
жадничать,къиннери,,,,,,,къинниб,къинниб,V,,
колоть,къиннери,,,,,,,къинни,къинниб,V,,
мять,къиннери,,,,,,,къинний,къинно,V,,
скрипеть,къиркъидери,,,,,,,къиркъиди,къиркъидиб,V,,
стричь,къирери,,,,,,,къири,къиро,V,,
ранить,къиройдери,,,,,,,къиролъий,къиройдо,V,,
петь,къорери,,,,,,,къори,къоро,V,,
позвать,къорери,,,,,,,къори,къоро,V,,
позвонить,къорери,,,,,,,къори,къоро,V,,
звать,къорери,,,,,,,къори,къоро,V,,
хотеть,къорокъери,,,,,,,къорокъой,къорокъоб,V,,
кудахтать,къудери,,,,,,,къудир,къудиб,V,,
горбиться,къуллонну,,,,,,,къуллонний,къуллонно,V,,
урчать,къулкъудери,,,,,,,къулкъудир,къулкъудиб,V,,
урчать,къуркъудери,,,,,,,къуркъудир,къуркъудиб,V,,
тянуть,кьаннери,,,,,,,кьанни,кьанно,V,,
курить,кьаннери,,,,,,,кьаннир,кьанно,V,,
взвешивать,кьаннери,,,,,,,кьанни,кьанно,V,,
лопаться,кьвагьунну,,,,,,,кьвагьун,кьвагьум,V,,
стрелять,кьвагьуноллу,,,,,,,кьвагьунолъи,кьвагьунолло,V,,
трескаться,кьватӏунну,,,,,,,кьватӏун,кьватӏунолло,V,,
засыпать,кьихинну,,,,,,,кьихон,кьихом,V,,
спать,кьихинну,,,,,,,кьихонни,кьихон,V,,
лизать,ламмери,,,,,,,ламми,ламмо,V,,
гладить,лъарери,,,,,,,лъари,лъаро,V,,
прыгать,лъибери,,,,,,,лъиби,лъибиб,V,,
всхлипывать,лълъимкъишери,,,,,,,лълъимкъишо,лълъимкъишоб,V,,
слабеть,лъуналъери,,,,,,,лъуналъи,лъуналъиб,V,,
сморкаться,лъуннери,,,,,,,лъунний,лъунно,V,,
трясти,лъурери,,,,,,,лъури,лъуро,V,,
мяукать,маъушери,,,,,,,маъушо,маъушо,V,,
прореживать,мичӏчӏирийдери,,,,,,,мичӏчӏирийдир,мичӏчӏирийдо,V,,
прореживать,мичӏчӏируйдери,,,,,,,мичӏчӏируйдир,мичӏчӏируйдо,V,,
целовать,оббадери,,,,,,,оббади,оббадо,V,,
макать,оболлу,,,,,,,оболъий,оболло,V,,
молодеть,олохъанлъери,,,,,,,олохъанлъий,олохъанлъиб,V,,
кипятить,охонну,,,,,,,охонлъи,охонно,V,,
кипеть,оххинну,,,,,,,оххонний,оххом,V,,
гадать,палбукъери,,,,,,,палбукъир,палбукъо,V,,
развеваться,парпадери,,,,,,,парпадир,парпадиб,V,,
дуть,пудери,,,,,,,пуди,пудо,V,,
пузыриться,пулхуннери,,,,,,,пулхунний,пулхум,V,,
брызгать,пунхъишери,,,,,,,пунхъишо,пунхъишо,V,,
соглашаться,разилъери,,,,,,,разилъий,разилъери вуккуйа,V,,
спрашивать,рацӏцӏинну,,,,,,,рацӏцӏин,рацӏцӏон,V,,
идти,релӏери,,,,,,,релӏи,релӏи,V,,
меняться,бершоллу,,,,,,рершоллу,рершолъи,рершолло,V,,
забывать,реччери,,,,,,,реччо,реччоб,V,,
царапать,рихъери,,,,,,,рихъий,рихъо,V,,
свежевать,рихъери,,,,,,,рихъи,рихъо,V,,
гаснуть,ричӏери,,,,,,"бичӏо, ричӏо",бичӏо,ричӏоб,V,,
жать,роквери,,,,,,,роко,роко,V,,
мириться,рокъери,,,,,,,рокъий,рокъиб,V,,
мирить,рокъоллу,,,,,,,рокъолъи,рокъолло,V,,
закрывать,рокъинну,,,,,,,рокъон,рокъон,V,,
складывать,ролъери,,,,,,,ролъо,ролъо,V,,
привыкать,ругьунлъери,,,,,,,ругьунлъи,ругьунлъиб,V,,
резать,рукъери,,,,,,"рукъи, бакъи, ракъи",букъи,рукъо,V,,
болеть,рукъвери,,,,,,,рукъур,рукъуб,V,,
говорить,рулӏери,,,,,,,рулӏи,рулӏо,V,,
таять,руцӏери,,,,,,"буцӏор, руцӏор",буцӏор,руцӏоб,V,,
ковыряться,сабсашери,,,,,,,сабсашой,сабсашо,V,,
лечить,сагъийдери,,,,,,,сагъийди,сагъийдо,V,,
бояться,сирери,,,,,,,сири,сириб,V,,
вращаться,ссорери,,,,,,,ссори,ссориб,V,,
переворачивать,ссороллу,,,,,,,ссоролъи,ссоролло,V,,
складывать,сукӏунну,,,,,,,сукӏонни,сукӏуон,V,,
гнуться,тӏебери,,,,,,,тӏебий,тӏебиб,V,,
лить,тӏиннери,,,,,,,тӏинни,тӏинно,V,,
рваться,таннери,,,,,,,танни,танниб,V,,
рвать,танноллу,,,,,,,таннолъи,таннолло,V,,
плевать,тудери,,,,,,,туди,тудо,V,,
гнить,турери,,,,,,,тури,туриб,V,,
дергать,туркӏунну,,,,,,,туркӏун,туркӏом,V,,
кукарекать,уᵸъуᵸдери,,,,,,,уᵸъуᵸдий,уᵸъуᵸдиб,V,,
думать,ургъунну,,,,,,,ургъун,ургъум,V,,
кашлять,ухӏудери,,,,,,,ухӏуди,ухӏудиб,V,,
готовиться,хӏадурлъери,,,,,,,хӏадурлъи,хӏадурлъиб,V,,
работать,хӏалтӏунери,,,,,,,хӏалтӏун,хӏалтӏум,V,,
лаять,хӏапунну,,,,,,,хӏапунни,хӏапум,V,,
ржать,хӏихӏишери,,,,,,,хӏихӏидир,хӏихӏишоб,V,,
брить,ханнери,,,,,,,ханни,ханно,V,,
копать,хварери,,,,,,,хвари,хваро,V,,
полоть,хварери,,,,,,,хвари,хваро,V,,
зеленеть,хвечилъери,,,,,,,хвечилъий,хвечилъиб,V,,
дорожать,хиралъери,,,,,,,хиралъи,хирайдо :( *хиралло,V,,
просить,ходери,,,,,,,ходи,ходо,V,,
храпеть,хоммери,,,,,,,хомми,хоммо,V,,
колоть,хубери,,,,,,,хуби,хубиб,V,,
косить,хханнери,,,,,,,хханни,хханно,V,,
спешить,ххеххери,,,,,,,ххеххи,ххеххилъиб,V,,
писать,хъварери,,,,,,,хъвари,хъваро,V,,
ковыряться,хъватӏишери,,,,,,,хъватӏишо,хъватӏишо,V,,
чесать,хъеллери,,,,,,,хъелли,хъелло,V,,
царапать,хъеллери,,,,,,,хъелли,хъелло,V,,
скоблить,хъеллери,,,,,,,хъелли,хъелло,V,,
дробить,хъиннери,,,,,,,хъинний,хъинно,V,,
нагло смотреть,хъитӏунну,,,,,,,хъитӏунниб,хъитӏум,V,,
пачкать,хъубийдери,,,,,,,хъубийди,хъубийдо,V,,
ползать,хъуршунну,,,,,,,хъуршун,хъуршун,V,,
пилить,хъухъанну,,,,,,,хъухъан,хъухъан,V,,
шипеть,хьавдери,,,,,,,хьавди,хьавдиб,V,,
двигаться,хьвадунну,,,,,,,хьвадунний,хьвадум,V,,
махать,хьваъунну,,,,,,,хьваъун,хьваъон,V,,
жечь,цӏатери,,,,,,,цӏато,цӏато,V,,
гореть,цӏатери,,,,,,,цӏато,цӏатоб,V,,
защищать,цӏеннери,,,,,,,цӏенний,цӏенно,V,,
знать,цӏиннери,,,,,,,цӏинни,цӏинниб,V,,
учить,цӏиннолъир,,,,,,,цӏиннолъи,цӏиннолло,V,,
пить,цӏцӏадери,,,,,,,цӏцӏади,цӏцӏадо,V,,
щипать,цӏцӏиммери,,,,,,,цӏцӏимми,цӏцӏиммо,V,,
целовать,цӏцӏоммери,,,,,,,цӏцӏомми,цӏцӏоммо,V,,
сосать,цӏцӏуннери,,,,,,,цӏцӏунни,цӏцӏунно,V,,
выжимать,цӏцӏурери,,,,,,,цӏцӏури,цӏцӏуро,V,,
торчать (о чем-то остром),цӏцӏутӏунну,,,,,,,цӏцӏутӏунни,цӏцӏутӏунно,V,,
дремать,чӏабери,,,,,,,чӏаби,чӏабиб,V,,
гнуть,чӏаболлу,,,,,,,чӏаболъи,чӏаболло,V,,
надоедать,чӏаланну,,,,,,,чӏалан,чӏалам,V,,
жевать,чӏаммери,,,,,,,чӏамми,чӏаммо,V,,
делить,чӏерлӏери,,,,,,,чӏерлӏи,чӏерлӏо,V,,
дрожать,чӏирчӏишери,,,,,,,чӏирчӏийо,чӏирчӏишоб,V,,
гордиться,чӏугьунну,,,,,,,чӏугьунний,чӏугьум,V,,
ветшать,чӏунтунну,,,,,,,чӏунтунниб,чӏунтун,V,,
убивать,чӏчӏабери,,,,,,,чӏчӏаби,чӏчӏабо,V,,
тереть,чӏчӏанну,,,,,,,чӏчӏанни,чӏчӏанно,V,,
поскользнуться,чӏчӏарери,,,,,,,чӏчӏари,чӏчӏариб,V,,
сплющиваться,чӏчӏуроллу,,,,,,,чӏчӏуролъий,чӏчӏуролло,V,,
сыпать,чаболлу,,,,,,,чаболъи,чаболло,V,,
желтеть,чаккулъери,,,,,,,чаккулъий,чаккулъиб,V,,
полоскать,чихамшери,,,,,,,чихамшо,чихамшо,V,,
проголодаться,чолтери,,,,,,,чолто,чолтоб,V,,
пачкать,чурукийдери,,,,,,,чурукийди,чурукийдо,V,,
бросать,шаммери,,,,,,,шамми,шаммо,V,,
отдыхать,шаннери,,,,,,,шанний,шанниб,V,,
пахнуть гнилью,шанохвери,,,,,,,шанохур,шанохуб,V,,
нюхать,шаншуннери,,,,,,,шаншунни,шаншунно,V,,
разбрасывать,шарери,,,,,,,шарий,шаро,V,,
разбрасывать,шаршашери,,,,,,,шаршашо,шаршашо,V,,
подозревать,щаккунну,,,,,,,щаккун,щаккум,V,,
ревновать,щаки,,,,,,,щакиб,щаком,,,
свистеть,щоммери,,,,,,,щоммий,щоммо,V,,
шипеть,щоммери,,,,,,,щоммий,щоммо,V,,
чихать,эбчунну,,,,,,,эбчунний,эбчум,V,,
спешить,эдеъунну,,,,,,,эдеъун,эдеъум,V,,
закончиться,булӏери,,,,,,рулӏери,рулӏий,,V,,
закончить,булӏери,,,,,,рулӏери,рулӏий,,V,,
отнимать,бухери,,,,,,"рухери, вухери, йихери, вохери, йохери, бохери",,,V,,
гореть,лапешери,,,,,,,лапешой,,V,,
моросить,лӏоммери,,,,,,,лӏоммий,,V,,
приглашать,къорери вуъон (звать прийти),,,,,,,,,V,,
слушаться,кантӏунери,,,,,,,,,V,,
чавкать,гъванкишери,,,,,,,,,V,,
рожать,мочӏи джидери,,,,,,,,,V,,
садиться,гьовкӏвери,,,,,,,,,V,,
насмехаться,рокӏо булӏери,,,,,,,рокӏо булӏий,,V,,
понадобиться,гьаджатунну,,,,,,,гьаджатуннир,,V,,
разбрасывать,гьуршунну,,,,,,,гьуршунний,,V,,
вы,биссил,,,,,,,,,PRON,,
ты,мен,,,,,,,,,PRON,,
я,ден,,,,,,,,,PRON,,
мы,ищил,,,,,,,,,PRON,,
мы,илӏил,,,,,,,,,PRON,,
кто,им,,,,,,,,,PRON,,
весь,илӏугу,,,,,,,,,PRON,,
сзади,бегьудибасси,,,,,,"вегьудивасси, йегьудийасси, регьудирасси",,,POST,,
между,бокьу,,,,,,"рокьу, йокьу, вокьу",,,POST,,
под,гьикьу,,,,,,,,,POST,,
вместе,сору,,,,,,,,,POST,,
из-за,сабаблъий,,,,,,,,,POST,,
рядом,лӏеру,,,,,,,,,POST,,
спереди,сседукку,,,,,,,,,POST,,
или,йа,,,,,,,,,PART,,
четыре,боъогу,,,,,,"боъогу, воъогу, йоъогу",,,NUM,,
сорок,боъоцӏолгу,,,,,,"воъоцӏолгу, йоъоцӏолгу, боъоцӏолгу",,,NUM,,
второй,чӏелдеб,,,,,,чӏелдебул,,,NUM,,
восемь,бейкьигу,,,,,,,,,NUM,,
семь,гьокьугу,,,,,,,,,NUM,,
сто,бешенугу,,,,,,,,,NUM,,
тысяча,озуругу,,,,,,,,,NUM,,
восемьдесят,бейкьицӏолгу,,,,,,,,,NUM,,
двести,чӏебешенугу,,,,,,,,,NUM,,
девяносто,гьочӏоцӏолгу,,,,,,,,,NUM,,
семьдесят,гьокьуцӏолгу,,,,,,,,,NUM,,
семьсот,гьокьубешенугу,,,,,,,,,NUM,,
четвертый,боъолдеб,,боъолдебул,,,,,,,NUM,,
два,чӏегу,,,,,,,,,NUM,,
двадцать,чӏецӏолгу,,,,,,,,,NUM,,
девять,гьочӏогу,,,,,,,,,NUM,,
десять,гьоцӏогу,,,,,,,,,NUM,,
один,себ,,,,,,,,,NUM,,
пять,иᵸшдугу,,,,,,,,,NUM,,
три,лъобгу,,,,,,,,,NUM,,
тридцать,лъобцӏогу,,,,,,,,,NUM,,
шесть,ойлӏигу,,,,,,,,,NUM,,
восьмой,бейкьилдеб,,,,,,,,,NUM,,
пятьсот,иᵸшдубешенегу,,,,,,,,,NUM,,
шестой,ойлӏидеб,,,,,,,,,NUM,,
шестьдесят,ойлӏицӏолгу,,,,,,,,,NUM,,
пятьдесят,иᵸшдуцӏолгу,,,,,,,,,NUM,,
седьмой,гьолӏулдеб,,,,,,,,,NUM,,
шестьсот,ойлӏибешенугу,,,,,,,,,NUM,,
восемьсот,бейлӏибешенугу,,,,,,,,,NUM,,
девятьсот,гьочӏобешенугу,,,,,,,,,NUM,,
чистота,рерцӏцӏомлъир,р,,рерцӏцӏомлъирлӏи,,,берцӏцӏомлъир,,,N,,
длина,реххула,б,буххулол,,,,"беххула, реххула",,,N,,
драка,вагьой,"р, р",вагьорил,,,,йагьой,,,N,,
толщина,бишилъир,б,,,,,ришилъир,,,N,,
насекомое,ширшил,"б, й",ширшилол,ширшилулӏи,ширшилалӏи,,,,,N,,
борода,мигажу,"р, р",мигажобил,мигажулӏи,мигажобалӏи,мигажулӏи,,,,N,,
брат,воцци,"в, в",воццул,воццув,воццулув,воццуъа,,,,N,,
бровь,энсиб,"б, б",энсибол,энсибулӏи,энсибалӏи,энсибуъа,,,,N,,
вилка,цӏумур,"б, б",цӏумурдул,цӏумурулӏи,цӏумурдалӏи,цӏумуруъа,,,,N,,
вода,лъен,р,,лъенлӏи,,лъенъа,,,,N,,
волк,боцӏо,"б, й",боцӏол,боцӏулӏи,боцӏалӏи,боцӏуъа,,,,N,,
глаз,гьаркӏу,"б, б",гьаркӏобил,гьаркӏулолӏи,гьаркӏобалӏи,гьаркӏулоъа,,,,N,,
год,решин,"р, р",решимол,решинлӏи,решималӏол,решинъа,,,,N,,
грудь,абур,"б, б",абурдул,абурдолӏи,абурдалӏи,абурдуъа,,,,N,,
дерево,реша,"р, р",решобил,решулӏи,решобалӏи,решуъа,,,,N,,
дочь,йоши,"й, й",йошибол,йошулӏи,йошибалӏи,йошуъа,,,,N,,
железо,ккуб,б,,ккубиллӏи,,ккубилъа,,,,N,,
зеркало,матӏу,"р, р",матӏодул,матӏулӏи,матӏудолӏи,матӏудоъа,,,,N,,
змея,берка,"б, й",беркол,беркулӏи,беркалӏи,беркаъа,,,,N,,
зола,кье,"б, б",кьелил,кьелӏи,кьелилилӏи,кьелӏи,,,,N,,
золото,мисиди,б,,мисидулӏи,,,,,,N,,
камень,гьинцӏо,"б, б",гьинцӏобил,гьинцӏоллӏи,гьинцӏобалӏи,гьинцӏолъа,,,,N,,
кобыла,ича,"б, й",ичил,ичулӏи,ичилӏи,ичуъа,,,,N,,
коса,ничо,"б, б",ничодул,ничолӏи,"ничобалӏи, ничолӏи",ничоъа,,,,N,,
курица,уᵸъецу,"б, й",уᵸъецобил,уᵸъецулӏи,уᵸъецобалӏи,уᵸъецуъа,,,,N,,
курица,уᵸйецу,"б, й",уᵸйецобил,уᵸйецулӏи,уᵸйецобалӏи,уᵸйецуъа,,,,N,,
курица,уᵸвецу,"б, й",уᵸвецобил,уᵸвецулӏи,уᵸвецобалӏи,уᵸвецуъа,,,,N,,
лягушка,къурру,"б, й",къуррол,къурролӏи,къурралӏи,къурроъа,,,,N,,
мать,баба,"й, й",бабалал,бабалӏи,бабалӏол,бабаъа,,,,N,,
мать,ила,"й, й",илобил,илулӏи,илубалӏи,,,,,N,,
мука,эншур,р,,эншурлӏи,,эншуръа,,,,N,,
мясо,рикьи,"р, р",рикьил,рикьилӏи,рикьилилӏи,рикьиъа,,,,N,,
небо,решин,"р, р",решимол,решинолӏи,решималӏи,решиноъа,,,,N,,
нож,бесун,"б, б",бесумол,бесунолӏи,бесумалӏи,бесуноъа,,,,N,,
окно,ингур,"б, б",ингурдол,ингурулӏи,ингурдалӏи,ингоруъа,,,,N,,
отец,дада,"в, в",дадалал,дадав,дадалав,дадаъа,,,,N,дада<obl>:дада,
отец,има,"в, в",имадул,имув,имадав,имуъа,,,,N,има<obl>:иму,
палец,цӏцӏекӏа,"б, б",цӏцӏекӏобил,цӏцӏекӏулӏи,цӏцӏекӏобалӏи,цӏцӏекӏуъа,,,,N,,
пила,хъухъадир,"б, б",хъухъадирол,хъухъадирулӏи,хъухъадиролӏол,,,,,N,,
птица,щекиб,"б, й",щекибол,щекиболӏи,щекиболилӏол,,,,,N,,
пчела,пера,"б, й",пердул,перулӏи,пердалӏол,,,,,N,,
пшеница,къири,б,,къирилӏи,,,,,,N,,
река,лъенсо,"р, р",лъенсодул,лъенсолӏи,лъенсодалӏи,,,,,N,,
река,инхи,"б, б",инхадул,инхилӏи,инхадалӏи,инхиъа,,,,N,,
рыба,хвами,"б, й",хвамил,хвамиллӏи,хвамилилӏи,,,,,N,,
свинец,тӏуши,"б, б",тӏушил,тӏушиллӏи,тӏушилилӏи,,,,,N,,
серп,ничо,"б, б",ничодул,ничолӏи,ничодалӏи,,,,,N,,
сестра,йоцци,"й, й",йоцибол,йоццулӏи,йоццибалӏи,,,,,N,,
снег,анзи,"р, р",анзил,анзилӏи,анзилилӏи,анзиъа,,,,N,,
собака,хвей,"б, й",хведул,хвейолӏи,хведалӏи,,,,,N,,
солнце,милъи,"б, б",милъил,милъирлӏи,милъилилӏи,,,,,N,,
стена,къен,"б, б",къенадул,къеннолӏи,къеннадалӏи,къенноъа,,,,N,,
топор,анжиди,"р, р",анжидобил,анжидулӏи,анжидобалӏи,,,,,N,,
хлеб,гъан,"б, б",гъанол,гъанлӏи,,,,,,N,,
шея,гару,"б, б",гардобил,гардолӏи,гардобалӏи,,,,,N,,
яйцо,кӏоркӏон,"р, р",кӏоркӏомил,кӏоркӏонулӏи,кӏоркӏомалӏи,,,,,N,,
баран,гьайман,"б, й",гьайманол,гьайманулӏи,гьайманалӏи,,,,,N,,
баран,кун,"б, й",куммил,кунолӏи,куммалӏи,,,,,N,,
баран,анлъи,"б, й",анлъол,анлъолӏи,анлъалӏи,,,,,N,,
браслет,кверкъин,"р, р",кверкъимол,кверкъинулӏи,кверкъималӏи,,,,,N,,
бревно,кьерчӏо,"р, р",кьерчӏобил,кьерчӏолӏи,кьерчӏобалӏи,,,,,N,,
бурдюк,кьетон,"б, б",кьетомил,кьетонлӏи,кьетомалӏи,,,,,N,,
бурка,буртина,"б, б",буртимобил,буртинулӏи,буртималӏи,,,,,N,,
веретено,мига,"б, б",мигобил,мигулӏи,мигобалӏи,,,,,N,,
весна,рибу,"б, б",рибодул,риблӏи,рибодалӏи,,,,,N,,
ветер,мочи,"б, б",мочил,мочилӏи,мочилилӏи,,,,,N,,
вымя,гъа,"б, б",гъадобил,гъалӏи,гъадобалӏи,,,,,N,,
голубь,гъугъу,"б, й",гъугъол,гъугъулӏи,гъугъобалӏи,,,,,N,,
гора,бил,"б, б",биладул,билолӏи,биладалӏи,билоъа,,,,N,,
горло,къванкъва,"б, б",къванкъибол,къванкъулӏи,къванкъибалӏи,,,,,N,,
грабли,лъарлъал,"б, б",лъарлъалол,лъарлъалулӏи,лъарлъалалӏи,,,,,N,,
град,шен,р,,шенлӏи,,,,,,N,,
день,зубу,"р, р",зубодул,зубулӏи,зубодалӏи,,,,,N,,
дно,гьимъу,"б, б",гьимъодул,гьимъулӏи,гьимъодалӏи,гьимуъулъа,,,,N,,
доска,хин,"р, р",химмил,химлӏи,химмалӏи,,,,,N,,
желчь,ссим,"б, б",ссимил,ссимлӏи,ссималӏи,,,,,N,,
женщина,йошикӏва,"й, й",йошул,йошикӏваллӏи,йошулилӏи,,,,,N,,
жеребец,чор,"б, й",чордул,чорлӏи,чордалӏи,,,,,N,,
зима,кьину,"р, р",кьинодул,кьинлӏи,кьинодалӏи,,,,,N,,
иней,цӏцӏикъу,б,,цӏцӏикъулӏи,,,,,,N,,
капкан,гудур,"б, б",гудурдул,гудуролӏи,гудуралӏи,,,,,N,,
кизяк,цӏипӏила,"б, б",цӏипӏилдул,цӏипӏилулӏи,цӏипӏилдалӏи,,,,,N,,
клин,лӏутӏи,"б, б",лӏутӏол,лӏутӏолӏи,лӏутӏалӏи,,,,,N,,
клык,гожо,"б, б",гожолол,гожолӏи,гожолалӏи,,,,,N,,
ключ,рекӏул,"р, р",рекӏулол,рекӏулолӏи,рекӏулалӏи,,,,,N,,
клятва,ноко,"р, р",нокол,нокулӏи,нокодалӏи,,,,,N,,
ковер,тӏамсса,"б, б",тӏамсибол,тӏамсулӏи,тӏамсибалӏи,,,,,N,,
козел,тӏука,"б, й",тӏукибол,тӏукулӏи,тӏукибалӏи,,,,,N,,
колено,нико,"б, б",никобил,николӏи,никобалӏи,,,,,N,,
колесо,чӏуреги,"р, р",чӏурегобил,чӏурегулӏи,чӏурегобалӏи,,,,,N,,
корзина,гиза,"б, б",гизобил,гизулӏи,гизобалӏи,,,,,N,,
корыто,ирса,"р, р",ирсибол,ирсулӏи,ирсибалӏи,,,,,N,,
край,рагьал,"б, б",рагьалол,рагьаллӏи,рагьалалӏи,,,,,N,,
крапива,мичӏчӏи,"б, б",мичӏчӏил,мичӏчӏилӏи,мичӏчӏилалӏи,,,,,N,,
кровь,гьин,"б, б",гьимил,гьинлӏи,,,,,,N,,
крыша,ом,"б, б",омадул,омлӏи,омадалӏи,омъа,,,,N,,
ладонь,хъота,"р, р",хъотобил,хъотулӏи,хъотобалӏи,хъотула,,,,N,,
лес,решу,р,,решулӏи,,,,,,N,,
лето,къину,р,,къинлӏи,,къина,,,,N,,
ложка,арком,"б, б",аркомил,аркомулӏи,аркомалӏи,,,,,N,,
лук (растение),кӏонча,"б, б",кӏончол,кӏончулӏи,кӏончалӏи,,,,,N,,
лук (оружие),церцедахъи,"б, б",церцедахъол,церцедахъилӏи,церцедахъалӏи,,,,,N,,
молозиво,цӏцӏир,"б, б",цӏцӏирил,цӏцӏирлӏи,цӏцӏирилилӏи,,,,,N,,
моль,реси,б,,ресилӏи,,,,,,N,,
море,релъо,"р, р",релъобил,релъолӏи,релъобалӏи,,,,,N,,
мост,кьир,"б, б",кьирдобил,кьирлӏи,кьирдобалӏи,,,,,N,,
моча,гьинкӏкӏур,"р, р",гьинкӏкӏурдул,гьинкӏкӏурлӏи,гьинкӏкӏурдалӏи,,,,,N,,
неделя,гьокьу,"р, р",гьокьодул,гьокьулӏи,гьокьодалӏи,,,,,N,,
нога,чункӏа,"б, б",чункӏобил,чункӏулӏи,чункӏобалӏи,,,,,N,,
нога,регъил,"б, б",регъибол,регъилолӏи,регъибалӏи,,,,,N,,
ножницы,исир,"р, р",исирдул,исиролӏи,исирдалӏи,,,,,N,,
нос,магьар,"б, б",магьардул,магьаролӏи,магьардалӏи,,,,,N,,
ночь,релъо,"р, р",релъодул,релъоллӏи,релъодалӏи,,,,,N,,
осень,сибиру,"р, р",сибирдул,сибирулӏи,сибирдалӏи,,,,,N,,
очаг,ахъи,"б, б",ахъил,ахъилӏи,ахъилилӏи,ахъиха,,,,N,,
палка,цӏул,"р, р",цӏулибол,цӏулолӏи,цӏулибалӏи,,,,,N,,
паук,мисихвара,"б, й",мисихвардул,мисихварулӏи,мисихвардалӏи,,,,,N,,
песок,сур,б,,сурлӏи,,,,,,N,,
подбородок,жуна,"р, р",жунал,,жуналлӏи,,,,,N,,
подкова,лъол,"р, р",лъолибол,лъолулӏи,лъолибалӏи,,,,,N,,
почка,кӏкӏуну,"р, р",кӏкӏунибол,кӏкӏунулӏи,кӏкӏунибалӏи,,,,,N,,
пуговица,миргъал,"б, б",миргъалол,миргъалулӏи,миргъалалӏи,,,,,N,,
рана,ругъун,"р, р",ругъумол,ругъунулӏи,ругъумалӏи,,,,,N,,
рог,"ъвен, гъвен","б, б",ъвенол,ъвенулӏи,ъвенолилӏи,,,,,N,,
роса,щиб,б,,щиболӏи,,,,,,N,,
рубашка,гурдо,"р, р",гурдибол,гурдилӏи,гурдибалӏи,,,,,N,,
рукав,квелъир,"б, б",квелъирдул,квелъиролӏи,квелъирдалӏи,,,,,N,,
свадьба,бертин,"б, б",бертимол,бертинулӏи,бертималӏи,,,,,N,,
сено,гьунчӏа,"р, р",гьунчӏол,гьунчӏорлӏи,гьунчӏолилӏи,,,,,N,,
сердце,рокӏо,"р, р",рокӏол,рокӏоллӏи,рокӏолилӏи,,,,,N,,
серебро,орси,б,,орсилӏи,,,,,,N,,
сказка,муха,"б, б",мухал,мухалӏи,мухалилӏи,,,,,N,,
слива,коком,"б, б",кокомил,кокомулӏи,кокомалӏи,,,,,N,,
солома,ситӏа,б,,ситӏалӏи,,,,,,N,,
сорока,чаргъитӏи,"б, й",чаргъитӏол,чаргъитӏулӏи,чаргъитӏобалӏи,,,,,N,,
спина,мигъул,"б, б",мигъулол,мигъулолӏи,,,,,,N,,
сыворотка,эрцӏцӏи,"р, р",эрцӏцӏил,эрцӏцӏилӏи,эрцӏцӏилилӏи,,,,,N,,
танец,лӏибдир,б,,лӏибдирлӏи,,,,,,N,,
тело,черхи,"б, б",черхил,черхилӏи,черхилилӏи,,,,,N,,
тень,анччу,"б, б",анччодул,анччулӏи,анччодалӏи,,,,,N,,
тесто,гьатӏи,б,,гьатӏилӏи,,,,,,N,,
туша,къулийеб,"б, б",къулийебол,къулибулӏи,къулийебалӏи,,,,,N,,
уголь,гьабу,"б, б",гьабодул,гьабулӏи,гьабудалӏи,,,,,N,,
хвост,могъорчӏу,"б, б",могъорчӏобил,могъорчӏулӏи,могъорчӏобалӏи,,,,,N,,
хлев,бекьи,"б, б",бекьадул,бекьилӏи,бекьадалӏи,бекьу,,,,N,,
цветок,джинджи,"р, р",джинджил,джинджилӏи,джинджилилӏи,,,,,N,,
чеснок,ражи,б,,ражилӏи,,,,,,N,,
шило,гьиму,"р, р",гьимодул,гьимодулӏи,гьимодалӏи,,,,,N,,
шумовка,хинкӏилахом,"б, б",хинкӏилахомил,хинкӏилахомалӏи,хинкӏилахомалӏи,,,,,N,,
щека,гверзу,"б, б",гверзобил,гверзуллӏи,гверзобалӏи,,,,,N,,
щенок,кӏунцӏцӏи,"б, й",кӏунцӏцӏол,кӏунцӏцӏолӏи,кӏунцӏцӏалӏи,,,,,N,,
яблоко,инчи,"б, б",инчил,инчиллӏи,инчилилӏи,,,,,N,,
яма,дунгил,"б, б",дунгилол,дунгилулӏи,дунгилалӏи,,,,,N,,
ячмень,бурчӏина,"б, б",бурчӏинол,бурчӏинулӏи,бурчӏинобалӏи,,,,,N,,
ящерица,кьерчин,"б, й",кьерчимол,кьерчимулӏи,кьерчималӏи,,,,,N,,
блоха,чӏонни,"б, й",чӏоннол,чӏоннулӏи,чӏонналӏи,,,,,N,,
вошь,ноцӏцӏи,"б, й",ноцӏцӏол,ноцӏцӏулӏи,ноцӏцӏалӏи,,,,,N,,
гвоздь,гьанкӏо,"б, б",гьанкӏодул,гьанкӏоллӏи,гьанкӏодалӏи,,,,,N,,
голова,мийар,"р, р",мийардул,мийарулӏи,мийардалӏи,,,,,N,,
груша,гьиᵸгьиᵸ,"б, б",гьиᵸгьиᵸл,гьиᵸгьиᵸлӏи,гьиᵸгьиᵸлилӏи,,,,,N,,
дождь,цӏцӏа,"р, р",цӏцӏалил,цӏцӏалӏи,цӏцӏалилилӏи,,,,,N,,
дорога,микъи,"б, б",микъадул,микъилӏи,микъадалӏи,"микъабо, микъаво, микъайо, микъавол, микъайол",,,,N,,
дым,кӏвей,"б, б",кӏвейадул,кӏвейлӏи,кӏвейадалӏи,,,,,N,,
звезда,цӏцӏа,"р, р",цӏцӏалил,цӏцӏалилӏи,цӏцӏалилилӏи,,,,,N,,
звезда,цӏцӏва,"р, р",цӏцӏвалил,цӏцӏвалилӏи,цӏцӏвалилилӏи,,,,,N,,
зуб,сол,"р, р",солибол,солуллӏи,солибалӏи,,,,,N,,
кинжал,хъанжар,"б, б",хъанжардул,хъанжарулӏи,хъанжардалӏи,,,,,N,,
коза,цӏцӏиᵸйаᵸ,"б, й",цӏцӏеᵸнил,цӏцӏиᵸйоᵸлӏи,цӏцӏеᵸнилӏи,,,,,N,,
кольцо,цӏцӏекӏалъол,"р, р",цӏцӏекӏалъолол,цӏцӏекӏалъолулӏи,цӏцӏекӏалъолалӏи,,,,,N,,
корова,зиᵸвуᵸ,"б, й",зиᵸнол,зиᵸвуᵸлӏи,зиᵸналӏи,,,,,N,,
корова,зиᵸв,"б, й",зиᵸнол,зиᵸвуᵸлӏи,зиᵸналӏи,,,,,N,,
лоб,гьонно,"р, р",гьоннодул,гьонноллӏи,гьоннодалӏи,гьонноллуъа,,,,N,,
медведь,сеᵸй,"б, й",сеᵸйил,сеᵸйолӏи,сеᵸйилилӏи,,,,,N,,
молоко,щиᵸв,"р, р",щиᵸвол,щиᵸвулӏи,щиᵸводалӏи,щиᵸвулӏи,,,,N,,
молоток,куртӏа,"р, р",куртӏибол,куртӏулӏи,куртӏибалӏи,,,,,N,,
муха,тӏентӏа,"б, й",тӏентӏол,тӏентӏулӏи,тӏентӏалӏи,,,,,N,,
мышь,гьинкӏкӏу,"б, й",гьинкӏкӏол,гьинкӏкӏулӏи,гьинкӏкӏвалӏи,,,,,N,,
огонь,цӏа,"р, р",цӏалил,цӏалӏи,цӏалилилӏи,цӏалӏи,,,,N,,
олень,ритӏучӏи,"б, й",ритӏучӏол,ритӏучӏулӏи,ритӏучӏалӏи,,,,,N,,
осел,гьаморхи,"б, й",гьаморхол,гьаморхулӏи,гьаморхалӏи,,,,,N,,
петух,хӏелеко,"б, й",хӏелекобил,хӏелеколӏи,хӏелекобалӏи,,,,,N,,
сабля,хвалчен,"р, р",хвалчемил,хвалченулӏи,хвалчемалӏи,,,,,N,,
сани,чанагъи,"р, р",чанагъобил,чанагъулӏи,чанагъобалӏи,чанагъуъа,,,,N,,
сундук,гъвамарссу,"р, р",гъвамарссол,гъвамарссулӏи,гъвамарссобалӏи,гъвамарссула,,,,N,,
сын,вошо,"в, в",вошул,вошув,вошулув,,,,,N,вошо<obl>:вошу,
ухо,гьантӏикӏа,"б, б",гьантӏикӏобил,гьантӏикӏулӏи,гьантӏикӏобалӏи,,,,,N,,
язык,мицӏцӏи,"б, б",мицӏцӏил,мицӏцӏилӏи,мицӏцӏибалӏи,,,,,N,,
печь,пещи,"б, б",пещил,пещиллӏи,пещилилӏи,пещилха,,,,N,,
печь,ахъи,б,ахъил,ахъилӏи,ахъилилӏи,,,,,N,,
барабан,къали,"б, б",къалил,къалилӏи,къалилилӏи,,,,,N,,
бумага,кагъар,"р, р",кагъардул,кагъарулӏи,кагъардалӏи,,,,,N,,
бычок,къинком,"б, й",къинкомил,къинкомулӏи,къинкомалӏи,,,,,N,,
вдова,серо,,серол,сероллӏи,серолилӏи,,,,,N,,
вдовец,серо,,серол,сероллӏи,серолилӏи,,,,,N,,
верблюд,гъварани,"б, й",гъваранобил,гъваранулӏи,гъваранобалӏи,,,,,N,,
ворота,кав,"б, б",каводул,кавдолӏи,каводалӏи,кавдоха,,,,N,,
воск,щир,"б, б",щирдул,щирлӏи,щирдалӏи,,,,,N,,
глина,чӏабар,"б, б",чӏабардул,чӏабарлӏи,чӏабардалӏи,,,,,N,,
гнида,тӏана,"б, й",тӏанол,тӏанулӏи,тӏанолилӏи,,,,,N,,
город,шагьар,"б, б",шагьардул,шагьарулӏи,шагьардалӏи,шагьаруъа,,,,N,,
гребень,гьокьу,"р, р",гьокьодул,гьокьудолӏи,гьокьодалӏи,,,,,N,,
грязь,гъузи,"б, б",гъузол,гъузиллӏи,гъузолилӏи,гъузалӏи,,,,N,,
двор,рей,"б, б",рейадул,рейлӏи,рейадалӏи,рейду,,,,N,,
десна,томил,"б, б",томилол,томилулӏи,томилалӏи,,,,,N,,
долг,налъи,"р, р",налъол,налъолӏи,налъолилӏи,,,,,N,,
уличная печь для хлеба,тавхан,б,,тавханулӏи,,,,,,N,,
капля,тӏонкӏил,"р, р",тӏонкӏилол,тӏонкӏилулӏи,тӏонкӏилалӏи,,,,,N,,
книга,ххуча,"р, р",ххучол,ххучулӏи,ххучалӏи,хучула,,,,N,,
колбаса,рудил,"б, б",рудилол,рудилулӏи,рудилалӏи,,,,,N,,
кость,рокьи,"б, б",рокьол,рокьиллӏи,"рокьалӏи, рокьилилӏи",,,,,N,,
кукуруза,хӏечӏинкӏа,"б, б",хӏечӏинкӏол,хӏечӏинкӏулӏи,хӏечӏинкӏалӏи,,,,,N,,
куропатка,гъобгъо,"б, й",гъобгъол,гъобгъолӏи,гъобгъолилӏи,,,,,N,,
кусок,тупи,"б, б",тупил,тупиллӏи,тупилилӏи,,,,,N,,
летучая мышь,лъалботӏи,"б, й",лъалботӏол,лъалботӏиллӏи,лъалботӏулилӏи,,,,,N,,
лопата,бел,"б, б",беладул,белулӏи,беладалӏи,,,,,N,,
медь,гьир,"б, б",гьирдул,гьирлӏи,гьирдобалӏи,,,,,N,,
мешок,таргьа,"б, б",таргьибол,таргьулӏи,таргьибалӏи,,,,,N,,
могила,шу,"б, б",шулибол,шулӏи,шулибалӏи,шудила,,,,N,,
молния,пири,"б, б",пирил,пирилӏи,пирилилӏи,,,,,N,,
мыло,сапун,"б, б",сапумол,сапунолӏи,сапумалӏи,,,,,N,,
одежда,роъол,"б, б",роъолол,роъоллӏи,роъолалӏи,,,,,N,,
одеяло,йоргъан,"б, б",йоргъамил,йоргъанулӏи,йоргъамалӏи,,,,,N,,
оса,гьанкьакӏур,"б, й",гьанкьакӏурол,гьанкьакӏурулӏи,гьанкьакӏуралӏи,,,,,N,,
палас,паларсси,"б, б",паларссол,паларссулӏи,паларссолилӏи,,,,,N,,
паутина,гелчи,"б, б",гелчил,гелчилӏи,гелчилилӏи,,,,,N,,
пена,пол,"б, б",полил,поллӏи,полилилӏи,,,,,N,,
пещера,речӏчӏо,"б, б",речӏчӏадул,речӏчӏолӏи,речӏчӏадалӏи,,,,,N,,
пища,буги,"б, б",бугил,бугилӏи,бугилилӏи,,,,,N,,
платок,кӏази,"р, р",кӏазил,кӏазилӏи,кӏазилилӏи,,,,,N,,
плесень,ккал,"б, б",ккалил,ккалуллӏи,ккалилилӏи,,,,,N,,
подушка,къелъин,"р, р",къелъимол,къелъинулӏи,къелъималӏи,,,,,N,,
половина,ахьал,"б, б",ахьалол,ахьаллӏи,ахьалолилӏи,,,,,N,,
половина,сейсиб,"б, б",сейсибол,сейсибулӏи,сейсибалӏи,,,,,N,,
просо,беча,,,,,,,,,N,,
раб,лагъи,"в, в",лагъол,лагъишув,лагъолув,,,,,N,,
рабыня,лагъи,"й, й",лагъол,лагъиллӏил,лагъолилӏи,,,,,N,,
род,тухум,"б, б",тухумол,тухумулӏи,тухумалӏи,,,,,N,,
саван,мусру,"б, б",мусродул,мусрулӏи,мусродалӏи,,,,,N,,
сахар,писоки,"б, б",писокол,писокулӏи,писоколилӏи,,,,,N,,
сахар,чахъар,"б, б",чахъардул,чахъарулӏи,чахъардалӏи,,,,,N,,
свеча,чирахъи,"б, б",чирахъол,чирахъулӏи,чирахъалӏи,,,,,N,,
свинья,хунтӏа,"б, й",хунтӏил,хунтӏулӏи,хунтӏилилӏи,,,,,N,,
селезенка,эчӏчӏи,"б, б",эчӏчӏил,эчӏчӏиллӏи,эчӏчӏилилӏи,,,,,N,,
семья,хъизан,"б, б",хъизамил,хъизанулӏи,хъизамалӏи,,,,,N,,
слово,рошо,"б, б",рошол,рошоллӏи,рошолилӏи,,,,,N,,
тарелка,гъадара,"б, б",гъадардул,гъадарулӏи,гъадардалӏи,,,,,N,,
миска,чингил,"р, р",чингилол,чингилулӏи,y,,,,,N,,
теленок,лъедир,"б, й",лъедирдул,лъедиролӏи,лъедирдалӏи,,,,,N,,
тесть,имакьору,"в, в",имакьордобил,имакьорушув,имакьордав,,,,,N,,
точило,чарххи,"р, р",чарххил,чарххиллӏи,чарххилилӏи,,,,,N,,
точило,хъиру,"б, б",хъирдобил,хъирдолӏи,хъирдобалӏи,,,,,N,,
тюрьма,туснахъ,"б, б",туснахъол,туснахъиллӏи,туснахъалӏи,,,,,N,,
угол,цӏцӏикон,"б, б",цӏцӏикомил,цӏцӏиконлӏи,цӏцӏикомалӏи,,,,,N,,
узел,кӏору,"б, б",кӏородул,кӏорулӏи,кӏородалӏи,,,,,N,,
цена,багьа,"б, б",багьал,багьаллӏи,багьалилӏи,,,,,N,,
человек,гьеква,в,,гьеквашув,,,,,,N,,
шаг,гали,"б, б",галил,галиллӏи,галилилӏи,,,,,N,,
ярмо,рукьо,"р, р",рукьодул,рукьоллӏи,рукьодалӏи,,,,,N,,
бабочка,одорукӏа,"б, й",одорукӏол,одорукӏаллӏи,одорукӏалӏи,,,,,N,,
бок,исиб,"б, б",исибол,исибулӏи,исибалӏи,,,,,N,,
борозда,рохъи,"б, б",рохъадул,рохъиллӏи,рохъадалӏи,,,,,N,,
бык,бугъа,"б, й",бугъибадул,бугъулӏи,бугъибадалӏи,,,,,N,,
бык,унсо,"б, й",унсодал,унсулӏи,унсодалӏи,,,,,N,,
веник,коцӏи,"б, б",коцӏол,коцӏиллӏи,коцӏалӏи,,,,,N,,
вилы,кӏвенкьа,"б, б",кӏвенкьибол,кӏвенкьулӏи,кӏвенкьибалӏи,,,,,N,,
виноград,чӏичӏи,"б, б",чӏичӏил,чӏичӏилӏи,чӏичӏилилӏи,,,,,N,,
ворона,гъанни,"б, й",гъаннол,гъаннулӏи,гъанналӏи,,,,,N,,
гнездо,бешен,"б, б",бешемил,бешенлӏи,бешемалӏи,бешенъа,,,,N,,
гной,охо,"б, б",охол,охоллӏи,охолилӏи,,,,,N,,
губа,сункӏа,"б, б",сункӏобил,сункӏулӏи,сункӏобалӏи,,,,,N,,
дом,милки,"б, б",милкил,милкиллӏи,милкилилӏи,,,,,N,,
жена,гьорчӏи,"й, й",гьорчӏобил,гьорчӏулӏи,гьорчӏобалӏи,,,,,N,,
живот,река,"р, р",рекобил,рекулӏи,рекобалӏи,рекула,,,,N,,
земляника,гъваркъи,р,,гъваркъилӏи,,,,,,N,,
кирка,газа,"б, б",газибол,газулӏи,газибалӏи,,,,,N,,
клещ,арпа,"б, й",арпол,арпуллӏи,арполилӏи,,,,,N,,
комар,кӏкӏара,"б, й",кӏкӏарибол,кӏкӏарулӏи,кӏкӏарибалӏи,,,,,N,,
копыто,лъол,"р, р",лъолибол,лъолулӏи,лъолибалӏи,,,,,N,,
кремень,чӏому,"б, б",чӏомодул,чӏомодалӏи,чӏомодалӏи,,,,,N,,
крышка,ъала,"р, р",ъалибол,ъалулӏи,ъалибалӏи,,,,,N,,
кувшин,кӏепи,"р, р",кӏепил,кӏепиллӏи,кӏепилилӏи,,,,,N,,
кузнечик,гъацӏа,"б, й",гъацӏол,гъацӏолӏи,гъацӏалӏи,,,,,N,,
кулак,за,"б, б",задобил,задулӏи,задобалӏи,,,,,N,,
лапа,квачӏа,"р, р",квачӏибол,квачӏулӏи,квачӏибалӏи,,,,,N,,
лед,зар,"р, р",зардул,зарлӏи,зардалӏи,,,,,N,,
лицо,рижи,"р, р",рижил,рижиллӏи,рижилилӏи,,,,,N,,
локоть,цӏцӏикон,"б, б",цӏцӏикомил,цӏцӏиконлӏи,цӏцӏикомалӏи,,,,,N,,
мельница,ихоб,"р, р",ихобил,ихобулӏи,ихобалӏи,,,,,N,,
муж,кунтӏа,"в, в",кунтӏобил,кунтӏув,кунтӏобав,,,,,N,,
муравей,лъанцӏцӏи,"б, й",лъанцӏцӏол,лъанцӏцӏолӏи,лъанцӏцӏалӏи,,,,,N,,
ноготь,мулъа,"б, б",мулъалол,мулъалулӏи,мулъалалӏи,,,,,N,,
овес,ниха,"б, б",нихал,нихаллӏи,нихалилӏи,,,,,N,,
овца,хӏайман,"б, й",хӏайманол,хӏайманулӏи,хӏайманалӏи,,,,,N,,
орел,цӏцӏум,"б, й",цӏцӏуммил,цӏцӏумолӏи,цӏцӏумалӏи,,,,,N,,
орех,авъал,"р, р",авъалол,авъаллӏи,авъалалӏи,,,,,N,,
осленок,токӏищи,"б, й",токӏищол,токӏищулӏи,токӏищалӏи,,,,,N,,
охапка,гьолӏийа,"б, б",гьолӏийол,гьолӏийулӏи,гьолӏийалӏи,,,,,N,,
пень,гъадукӏол,"б, б",гъадукӏолол,гъадукӏолулӏи,гъадукӏолалӏи,,,,,N,,
песня,кечӏи,"б, б",кечӏол,кечӏолӏи,кечӏолилӏи,,,,,N,,
печень,реъилӏи,"р, р",реъилӏол,реъилӏулӏи,реъилӏобалӏи,,,,,N,,
пиявка,куронжи,"б, й",куронжол,куронжулӏи,куронжалӏи,,,,,N,,
посуда,къай,"б, б",къайил,къайлӏи,къайилилӏи,,,,,N,,
пупок,цӏцӏунно,"р, р",цӏцӏуннобил,цӏцӏунноллӏи,цӏцӏуннобалӏи,,,,,N,,
пыль,кьехва,"б, б",кьехвал,кьехвалӏи,кьехвалилӏи,,,,,N,,
пятка,мижа,"б, б",мижалол,мижалулӏи,мижалалӏи,,,,,N,,
рука,реъа,"р, р",реъобил,реъулӏи,реъобалӏи,,,,,N,,
слюна,тото,"б, б",тотобол,тотолилӏи,тотобалӏи,,,,,N,,
смола,пирцӏцӏи,"б, б",пирцӏцӏил,пирцӏцӏилӏи,пирцӏцӏилилӏи,,,,,N,,
сноп,аста,"б, б",астибол,астулӏи,астибалӏи,,,,,N,,
соль,цӏцӏон,"р, р",цӏцӏонибол,цӏцӏонлӏи,цӏцӏонибалӏи,,,,,N,,
сука,гежи,"б, й",гежобил,гежолӏи,гежобалӏи,,,,,N,,
сыр,чӏами,"р, р",чӏамил,чӏамилӏи,чӏамилилӏи,,,,,N,,
толокно,гун,б,,гунлӏи,гунолӏол,,,,,N,,
уздечка,пархон,"р, р",пархомил,пархонулӏи,пархомалӏи,,,,,N,,
фундамент,гъа,б,,гъалӏи,,,,,,N,,
фундамент,кьучӏчӏи,"б, б",кьучӏчӏол,кьучӏчӏиллӏи,кьучӏчӏилалӏи,,,,,N,,
цепь,раххасси,"р, р",раххассол,раххассулӏи,раххассалӏи,,,,,N,,
волос,лъин,"б, б",лъинибол,лъинлӏи,лъинибалӏи,,,,,N,,
заяц,кьанкӏала,"б, й",кьанкӏалдул,кьанкӏалулӏи,кьанкӏалдалӏи,,,,,N,,
рот,кӏол,"б, б",кӏолибол,кӏололӏи,кӏолибалӏи,,,,,N,,
штаны,орчоги,"р, р",орчогобил,орчогулӏи,орчогобалӏи,,,,,N,,
штаны,шалавар,"р, р",шалаварол,шалаварлӏи,шалаваралӏи,,,,,N,,
стекло,матӏу,"р, р",матӏодул,матӏулӏи,матӏодалӏи,,,,,N,,
стол,устул,"б, б",устулол,устулулӏи,устулалӏи,,,,,N,,
ад,джуджахӏи,б,,джуджахӏаллӏи,,,,,,N,,
арбуз,хъарпузи,"б, б",хъарпузол,хъарпузулӏи,хъарпузалӏи,,,,,N,,
башлык,башлухъи,"б, б",башлухъол,башлухъулӏи,башлухъалӏи,,,,,N,,
беседа,хабарчӏабар,"б, б",хабарчӏабарол,хабарчӏабарулӏи,хабарчӏабаралӏи,,,,,N,,
бинокль,дурмал,"б, б",дурмалол,дурмалулӏи,дурмалалӏи,,,,,N,,
болезнь,рукъур,"б, б",рукъурол,рукъурлӏи,рукъуралӏи,,,,,N,,
буйвол,гамущи,"б, й",гамущол,гамущулӏи,гамущалӏи,,,,,N,,
буква,хӏарпи,"б, б",хӏарпил,хӏарпиллӏи,хӏарпилилӏи,,,,,N,,
вата,пампа,р,,пампаллӏи,,,,,,N,,
вера,дин,б,,динлӏи,,,,,,N,,
вещи,дан,"б, б",данол,данлӏи,даналлӏи,,,,,N,,
вина,айиб,"б, б",айибол,айибулӏи,айибалӏи,,,,,N,,
власть,ханлъир,"б, б",ханлъирол,ханлъирлӏи,ханлъиралӏи,,,,,N,,
водка,аракъи,б,,аракъулӏи,,,,,,N,,
возможность,ресси,"б, б",рессил,рессиллӏи,рессилилӏи,,,,,N,,
войско,аскӏар,"б, б",аскӏарол,аскӏарлӏи,аскӏаралӏи,,,,,N,,
волна,карачел,"б, б",карачелол,карачелулӏи,карачелалӏи,,,,,N,,
вопрос,суъал,"б, б",суъалол,суъалулӏи,суъалалӏи,,,,,N,,
воскресенье,гьатӏан,"р, р",гьатӏанол,гьатӏанлӏи,гьатӏаналӏи,,,,,N,,
вражда,тушманлъир,"б, б",тушманлъирол,тушманлъирлӏи,тушманлъиралӏи,,,,,N,,
глист,жолка,"б, й",жолкол,жолкулӏи,жолкалӏи,,,,,N,,
государство,паччалухъи,"б, б",паччалухъол,паччалухъиллӏи,паччалухъалӏи,,,,,N,,
готовность,гьадурлъир,"б, б",гьадурлъирол,гьадурлъирлӏи,гьадурлъиралӏи,,,,,N,,
граница,урхъи,"б, б",урхъадул,урхъудолӏи,урхъадалӏи,,,,,N,,
грех,мунагьи,"б, б",мунагьол,мунагьиллӏи,мунагьалӏи,,,,,N,,
грива,йал,"б, б",йалил,йалулӏи,йалуллӏол,,,,,N,,
дело,хӏалтӏи,"б, б",хӏалтӏил,хӏалтӏиллӏи,хӏалтӏилилӏи,,,,,N,,
добыча,давла,"б, б",давлал,давлаллӏи,давлалилӏи,,,,,N,,
душа,гьухьал; хӏухьал,"б, б",гьухьалол,гьухьалулӏи,гьухьалалӏи,,,,,N,,
дыня,пастӏан,"б, б",пастӏамил,пастӏанулӏи,пастӏамалӏи,,,,,N,,
дьявол,шайтӏан,"б, й",шайтӏамил,шайтӏанулӏи,шайтӏамалӏи,,,,,N,,
жажда,гьонкъо,"б, б",гьонкъол,гьонкъолӏи,гьонкъолилӏи,,,,,N,,
жалоба,арзи,"б, б",арзил,арзиллӏи,арзилилӏи,,,,,N,,
жвачка,пирцӏцӏи,"б, б",пирцӏцӏил,пирцӏцӏилӏи,пирцӏцӏилилӏи,,,,,N,,
жизнь,умуру,"б, б",умурдул,умуруллӏи,умурдалӏи,,,,,N,,
забота,тӏалаб,"б, б",тӏалабил,тӏалабулӏи,тӏалабалӏи,,,,,N,,
затылок,херто,"б, б",хертол,хертолулӏи,хертолалӏи,,,,,N,,
знакомство,цӏиннигьаъор,,цӏиннигьаъобул,,,,,,,N,,
знание,лъай,"р, р",лъайил,лъайиллӏи,лъайилилӏи,,,,,N,,
зоб,зоб,"б, б",зобил,зобиллӏи,зобилилӏи,,,,,N,,
канатоходец,палгьан,"в, в",палгьамадул,палгьаншув,палгьамадав,,,,,N,,
карандаш,къалам,"б, б",къаламил,къаламулӏи,къаламалӏи,,,,,N,,
катушка,чарххи,"р, р",чарххил,чарххиллӏи,чарххилилӏи,,,,,N,,
качели,гьишкӏи,"б, б",гьишкӏил,гьишкӏиллӏи,гьишкӏилилӏи,,,,,N,,
кашель,ухӏул,"б, б",ухӏулол,ухӏулулӏи,ухӏулалӏи,,,,,N,,
керосин,набти,"б, б",набтил,набтиллӏи,набтилилӏи,,,,,N,,
кладбище,шулибол,б,,,шулибалӏи,,,,,N,,
клей,сино,"р, р",синол,синоллӏи,синолилӏи,,,,,N,,
конец,ахир,,,,,,,,,N,,
конопля,кинлӏишен,"р, р",кинлӏишемил,кинлӏишенлӏи,кинлӏишемалӏи,,,,,N,,
корь,хъиру,"б, б",хъиродул,хъиродолӏи,хъиродалӏи,,,,,N,,
краска,лажбар,"б, б",лажбардул,лажбарулӏи,лажбардалӏи,,,,,N,,
кровать,карават,"б, б",караватол,караватиллӏи,караваталӏи,,,,,N,,
крючок,кицӏу,"р, р",кицӏодул,кицӏудолӏи,кицӏодалӏи,,,,,N,,
кукла,йошикӏу,"й, й",йошикӏобил,йошикӏоллӏи,йошикӏобалӏи,,,,,N,,
кукушка,гуггу,"б, й",гуггибол,гуггуллӏи,гуггибалӏи,,,,,N,,
куница,саркьу,"б, й",саркьодул,саркьуллӏи,саркьодалӏи,,,,,N,,
лев,гъалбацӏ,"б, й",гъалбацӏол,гъалбацӏулӏи,гъалбацӏалӏи,,,,,N,,
лекарство,дару,"б, б",дарудул,дарудолӏи,дарудалӏи,,,,,N,,
лестница,милъур,"б, б",милъурдул,милъурулӏи,милъурдалӏи,,,,,N,,
любовь,рукьи,"б, б",рукьил,рукьиллӏи,рукьилилӏи,,,,,N,,
магнит,макълатӏис,"б, б",макълатӏисол,макълатӏисиллӏи,макълатӏисалӏи,,,,,N,,
материнство,илалъир,"б, б",илалъирол,илалъирлӏи,илалъиралӏи,,,,,N,,
мельник,иходуша,"в, в",иходушул,иходушашуб,иходушулуб,,,,,N,,
метка,анжи,"р, р",анжодул,анжиллӏи,анжодалӏи,,,,,N,,
мечеть,маштику,"б, б",маштикобил,маштикулӏи,маштикобалӏи,,,,,N,,
мечта,хийал,"б, б",хийалол,хийалулӏи,хийалалӏи,,,,,N,,
мозг,гьону,"р, р",гьонодул,гьонудолӏи,гьонодалӏи,,,,,N,,
навес,окъу,"б, б",окъудул,окъулӏи,окъудалӏи,,,,,N,,
навоз,чил,"б, б",чилил,чиллӏи,чилилилӏи,,,,,N,,
наказание,тамихӏ,"б, б",тамихӏол,тамихӏиллӏи,тамихӏаллӏи,,,,,N,,
наковальня,лачи,"р, р",лачил,лачиллӏи,лачилилӏи,,,,,N,,
наследство,ирси,"б, б",ирсил,ирсиллӏи,ирсилилӏи,,,,,N,,
начало,байбихьи,"б, б",байбихьилал,,,,,,,N,,
обувь,нассил,,нассилол,,,,,,,N,,
оружие,йарагъи,"б, б",йарагъол,йарагъолӏи,йарагъалӏи,,,,,N,,
отказ,инкар,"б, б",инкардул,инкарулӏи,инкардалӏи,,,,,N,,
очередь,очири,"б, б",очиридол,очириллӏи,очиридалӏи,,,,,N,,
ошибка,гъалатӏи,"б, б",гъалатӏол,гъалатӏиллӏи,гъалатӏалӏи,,,,,N,,
павлин,тӏавус,"б, й",тӏавусол,тӏавусолӏи,тӏавусалӏи,,,,,N,,
падаль,балкан,"б, б",балкамил,балканулӏи,балкамалӏи,,,,,N,,
пар,гьал,"б, б",гьалил,гьалуллӏи,гьалилилӏи,,,,,N,,
персик,бечӏухаллӏи къурчи,,,,,,,,,N,,
петля,шинкӏи,"б, б",шинкӏилол,шинкӏиллӏи,шинкӏилалӏи,,,,,N,,
печать,мугьуру,"б, б",мугьуродул,мугьурулӏи,мугьуродалӏи,,,,,N,,
письмо,кагъар,"р, р",кагъардул,кагъарулӏи,кагъардалӏи,,,,,N,,
платье,гурдо,"р, р",гурдибол,гурдулӏи,гурдибалӏи,,,,,N,,
подарок,сайгъат,"б, б",сайгъатол,сайгъатиллӏи,сайгъаталӏи,,,,,N,,
подвиг,гьунар,"б, б",гьунардул,гьунарулӏи,гьунардалӏи,,,,,N,,
польза,пайда,"б, б",пайдал,пайдаллӏи,пайдалилӏи,,,,,N,,
понос,риххил,"р, р",риххилол,риххиллӏи,риххилалӏи,,,,,N,,
порода,тайпа,"б, б",тайпал,тайпаллӏи,тайпалилӏи,,,,,N,,
походка,релӏлӏир,,,,,,,,,N,,
право,ихтийар,"б, б",ихтийарол,ихтийарлӏи,ихтийаралӏи,,,,,N,,
приказ,амру,"б, б",амродул,амруллӏи,амродалӏи,,,,,N,,
причина,багьанна,"б, б",багьаннобил,багьанналлӏи,багьаннобалӏи,,,,,N,,
прут,цӏул,"р, р",цӏулибол,цӏулоллӏи,цӏулибалӏи,,,,,N,,
прут,жала,"р, р",жалибол,жалулӏи,жалибалӏи,,,,,N,,
пуля,гулла,"б, б",гуллил,гуллаллӏи,гуллалилӏи,,,,,N,,
пух,назбар,"б, б",назбардул,назбарулӏи,назбардалӏи,,,,,N,,
пятница,рузман,,,,,,,,,N,,
рабочий,гьалтӏухъан,"в, в",гьалтӏухъамадул,гьалтӏухъаншув,гьалтӏухъамадав,,,,,N,,
рабочая,гьалтӏухъан,"й, й",гьалтӏухъамадул,гьалтӏухъанлӏи,гьалтӏухъамадалӏи,,,,,N,,
радость,роххел,"р, р",роххелол,роххелулӏи,роххелалӏи,,,,,N,,
речь,реддон,"р, р",реддомил,реддонулӏи,реддомалӏи,,,,,N,,
рис,пулав,"б, б",пулавол,пулавлӏи,пулавулӏи,,,,,N,,
родина,ватӏан,"б, б",ватӏамил,ватӏанулӏи,ватӏамалӏи,,,,,N,,
родители,илаъима,р,,илаъималлӏи,,,,,,N,,
рубль,сом,"б, б",сомил,,,,,,,N,,
ручка,кверччин,"б, б",кверччимол,кверччинулӏи,кверччималӏи,,,,,N,,
ряд,михъур,"б, б",михъурдул,михъурулӏи,михъурдалӏи,,,,,N,,
сажа,лали,"б, б",лалил,лалиллӏи,лалилилӏи,,,,,N,,
свобода,элолъир,"б, б",элолъирол,элолъирлӏи,элолъиралӏи,,,,,N,,
сера,чӏабатӏи,"б, б",чӏабатӏол,чӏабатӏулӏи,чӏабатӏулӏол,,,,,N,,
сила,къуват,"б, б",къуватол,къуватулӏи,къуваталӏи,,,,,N,,
скандал,питна,"р, р",питнал,питналлӏи,питналилӏи,,,,,N,,
сковорода,зайдан,"р, р",зайдамил,зайданулӏи,зайдамалӏи,,,,,N,,
сковорода,гел,"б, б",гелил,гелулӏи,гелилилӏи,,,,,N,,
скорпион,гьочӏо-ричӏин,"б, й",гьочӏо-ричӏимол,гьочӏо-ричӏинулӏи,гьочӏо-ричӏималӏи,,,,,N,,
скрип,къирри,"б, б",къиррилал,къирриллӏи,къиррилалӏи,,,,,N,,
слой,кьал,"б, б",кьалил,кьалуллӏи,кьалилилӏи,,,,,N,,
слон,пил,"б, й",пилил,пилуллӏи,пилилилӏи,,,,,N,,
смерть,ричӏор,"р, р",ричӏорол,ричӏоролӏи,ричӏоралӏи,,,,,N,,
смех,релъи,"б, б",релъил,релъиллӏи,релъилилӏи,,,,,N,,
совет,акълу,"р, р",акълодул,акълуллӏи,акълодалӏи,,,,,N,,
сомнение,щакилъир,"б, б",щакилъирол,щакилъирлӏи,щакилъиралӏи,,,,,N,,
сон,мокьи,"р, р",мокьалол,мокьиллӏи,мокьалалӏи,,,,,N,,
спичка,къали,"б, б",къалил,къалиллӏи,къалилилӏи,,,,,N,,
спор,даъба,"б, б",даъбал,даъбалӏи,даъбалилӏи,,,,,N,,
стадо,реда,"р, р",редал,редалӏи,редалилӏи,,,,,N,,
старость,рохорлъир,"б, б",рохороллъир,рохорлъирлӏи,рохороллъирлӏи,,,,,N,,
сторона,исиб,"б, б",исибол,исиблӏи,исибалӏи,,,,,N,,
суббота,щамати,"р, р",щаматол,щаматилӏи,щаматалӏи,,,,,N,,
сукно,ххам,"б, б",ххамил,ххамлӏи,ххамилилӏи,,,,,N,,
сутки,релъозубу,"р, р",релъозубодул,релъозубулӏи,релъозубодалӏи,,,,,N,,
табак,тамако,"б, б",тамакол,тамаколӏи,тамакобалӏи,,,,,N,,
таз,тӏасси,"б, б",тӏассил,тӏассиллӏи,тӏассилилӏи,,,,,N,,
творог,исо,"р, р",исобил,исолӏи,исобалӏи,,,,,N,,
терпение,сабру,"б, б",сабродул,сабрулӏи,сабродалӏи,,,,,N,,
толпа,алам,б,,аламулӏи,,,,,,N,,
толпа,гӏалам,б,,гӏаламулӏи,,,,,,N,,
труба,мащу,"б, б",мащодул,мащодолӏи,мащодалӏи,,,,,N,,
трус,ццуццул,,,,,,,,,N,,
урчание,къуркъудир,,,,,,,,,N,,
фасоль,гьоли,"р, р",гьолил,гьолиллӏи,гьолилилӏи,,,,,N,,
финик,чамасаги,"б, б",чамасагол,чамасагиллӏи,чамасагалӏи,,,,,N,,
фитиль,чалу,"р, р",чалодул,чалулӏи,чалодалӏи,,,,,N,,
халва,хӏавла,б,,хӏавлаллӏи,,,,,,N,,
хлопок,пампа,,,,,,,,,N,,
хозяйство,магӏишати,б,,магӏишатиллӏи,,,,,,N,,
цемент,ссимити,"б, б",ссимитол,ссимитулӏи,ссимиталӏи,,,,,N,,
червяк,щирщил,"б, й",щирщилол,щирщилулӏи,щирщилалӏи,,,,,N,,
черепаха,цӏилли къурру,,,,,,,,,N,,
чернила,щакъи,"б, б",щакъил,щакъиллӏи,щакъилилӏи,,,,,N,,
честь,йахӏ,б,,йахӏиллӏи,,,,,,N,,
четки,ссайлат,"р, р",ссайлатол,ссайлатиллӏи,ссайлаталӏи,,,,,N,,
чугун,хъазан,,,хъазанулӏи,,,,,,N,,
шакал,ангурбоцӏо,"б, й",ангурбоцӏол,ангурулӏи,ангурдалӏи,,,,,N,,
шалаш,чалахъи,"б, б",чалахъол,чалахъулӏи,чалахъалӏол,,,,,N,,
шариат,шаръи,б,,шаръиллӏи,,,,,,N,,
шелк,чиллай,б,,чиллайлӏи,,,,,,N,,
шорох,ширшири,б,,,,,,,,N,,
шум,хъуй,"б, б",хъуйил,хъуйлӏи,,,,,,N,,
этаж,ала,б,,алаллӏи,,,,,,N,,
этаж,хъала,б,,хъалаллӏи,,,,,,N,,
барсук,гьочӏомусси,"б, й","гьочӏомуссил, гьочӏомуссол",гьочӏомуссиллӏи,гьочӏомуссалӏол,,,,,N,,
белка,соригьинкӏкӏу,"б, й",соригьинкӏкӏвол,соригьинкӏкӏолӏи,соригьинкӏкӏваллӏол,,,,,N,,
болото,лъуцӏцӏи,"б, б",лъуцӏцӏил,лъуцӏцӏилӏи,лъуцӏцӏилилӏи,,,,,N,,
вино,вино,б,,виноллӏи,,,,,,N,,
враг,тушман,"в, в","тушманол, тушманадул",тушманшур,,,,,,N,,
враг,тушман,"й, й","тушманол, тушманадул","тушманлӏи, тушманулӏи",,,,,,N,,
гумно,гьинцӏцӏу,б,,гьинцӏцӏулӏи,,,,,,N,,
гусь,хъази,"б, й",хъазол,хъазолӏи,хъазалӏи,,,,,N,,
деньги,орси,б,,орсилӏи,,,,,,N,,
дрова,лъуди,"б, б",лъудол,лъудиллӏи,лъудалӏи,,,,,N,,
друг,гьомологъи,"в, в",гьомологъадул,гьомологъишур,гьомологъадар,,,,,N,,
подруга,гьомологъи,"й, й",гьомологъадул,гьомологъиллӏи,гьомологъадалӏи,,,,,N,,
замок,рекӏулол,р,,,рекӏулалӏи,,,,,N,,
зять,нусо,"в, в",нусобдул,нусошув,нусобдавул,,,,,N,,
камыш,цӏцӏума,б,,цӏцӏумалӏи,,,,,,N,,
карман,кисав,"б, б",кисавол,кисавлӏи,кисавалӏи,,,,,N,,
кишка,рудил,"б, б",рудилол,рудилулӏи,рудилалӏи,,,,,N,,
кожа,хъал,б,хъалил,хъалуллӏи,хъалилилӏи,,,,,N,,
колыбель,кини,"б, б",кимил,киниллӏи,кимилилӏи,,,,,N,,
колючка,цӏцӏана,"р, р",цӏцӏанибол,цӏцӏанолӏи,цӏцӏанибалӏи,,,,,N,,
курдюк,бехумугъул,б,бехумугъулол,бехумугъуллӏи,бехумугъулалӏол,,,,,N,,
ласточка,гьицӏичол,"б, й",гьицӏичолол,гьицӏичолалӏи,гьицӏичолалӏол,,,,,N,,
мозоль,пули,"б, б",пулил,пулиллӏи,пулилилӏи,,,,,N,,
мяч,торъо,"б, б",торъол,торъоллӏи,торъолилӏи,,,,,N,,
пастбище,алахи,"б, б",алахол,алахиллӏи,алахалӏи,алахил.ъо,,,,N,,
пепел,кье,"б, б",кьелил,кьелӏи,кьелилилӏи,,,,,N,,
пищевод,ццула,"б, б",ццулол,,,,,,,N,,
плуг,кутум,"б, б",кутумол,кутумулӏи,кутумалӏи,,,,,N,,
постель,бешен,"б, б",бешемил,бешенлӏи,бешемалӏи,,,,,N,,
ребенок,мочӏи,"в, в",мочӏил,мочӏишуб,мочӏилурул,,,,,N,,
ребенок,мочӏи,"й, й",мочӏил,мочӏиллӏи,мочӏилилӏол,,,,,N,,
ребро,исибулӏи рохъи,"б, б",рохъол,рохъиллӏи,рохъилалӏи,,,,,N,,
ремень,рокьучул,"р, р",рокьучулол,рокьучулулӏи,рокьучулалӏи,,,,,N,,
свекровь,илакьору,"й, й",илакьордобил,илакьорулӏи,илакьордобалӏи,,,,,N,,
свет,кванорлъир,"р, р",кванорлъирол,кванорлъирлӏи,кванорлъиралӏи,,,,,N,,
свидетель,анччиб,"в, в",анччибадул,анччибшув,анччибадалув,,,,,N,,
свидетельница,анччиб,"й, й",анччибадул,анччиблӏи,анччибулилӏи,,,,,N,,
седло,кьеркьил,"р, р",кьеркьилол,кьеркьилулӏи,кьеркьилалӏи,,,,,N,,
сеновал,бегъва,"б, б",бегъвадул,бегъулӏи,бегъвадалӏи,,,,,N,,
скала,кьури,"б, б",кьурибол,кьуриллӏи,кьурибалӏи,,,,,N,,
след,лъол,"р, р; б, б",лъолибол,лъолулӏи,лъолибалӏи,,,,,N,,
слеза,моъо,"б, б",моъол,моъолӏи,моъолилӏи,,,,,N,,
сова,бугьу,"б, й",,,,,,,,N,,
солод,инни,р,,инниллӏи,,,,,,N,,
труп,джаназа,"б, б",джаназобил,джаназулӏи,джаназобалӏи,,,,,N,,
уксус,къанцӏи,б,,къанцӏилӏи,,,,,,N,,
улей,кону,,,,,,,,,N,,
улитка,щонкӏур,"б, й",щонкӏурдул,щонкӏурулӏи,щонкӏурдалӏи,,,,,N,,
ущелье,рекӏкӏа,"б, б",рекӏкӏадул,рекӏкӏулӏи,рекӏкӏадалӏи,,,,,N,,
час,саъати,"р, р; б, б",саъатобил,саъатулӏи,саъатобалӏи,,,,,N,,
червь,жолка,"б, й",жолкол,жолкалӏи,жолкалилӏи,,,,,N,,
черемша,хӏанку,"б, б",хӏанкулол,хӏанкулӏи,хӏанкулолилӏи,,,,,N,,
шапка,авъара,"б, б",авъардул,авъарулӏи,авъардалӏи,,,,,N,,
ягненок,бура,"б, й",бурдил,бурулӏи,бурдилӏи,,,,,N,,
яд,загьру,"б, б",загьродул,загьрулӏи,загьродалӏи,,,,,N,,
абрикос,къурчи,"б, б",къурчил,къурчиллӏи,къурчилилӏи,,,,,N,,
бедро,ахъу,"б, б",ахъобил,ахъулолӏи,ахъулолӏи,,,,,N,,
ветка,анга,"р, р",ангибол,ангулӏи,ангибалӏи,,,,,N,,
голенище,ссакур,"б, б",ссакурдул,ссакурулӏи,ссакурдалӏи,,,,,N,,
детеныш,боши,"б, й",бошул,бошулилӏи,бошулилӏи,,,,,N,,
желудок,ихоб,"р, р",ихобил,ихобулӏи,ихобалӏи,,,,,N,,
жеребенок,тай,"б, й",тайил,тайолӏи,тайилилӏи,,,,,N,,
жир,соси,"р, р",сосол,сосиллӏи,сосолилӏи,,,,,N,,
жир,лӏурлӏа,"р, р",лӏурлӏол,лӏурлӏолӏи,лӏурлӏолилӏи,,,,,N,,
игла,бежун,"б, б",бежумол,бежунолӏи,бежумалӏи,,,,,N,,
клюв,кӏол,"б, б",кӏолибол,кӏололӏи,кӏолибалӏи,,,,,N,,
кнут,чӏартил,"р, р",чӏартилол,чӏартилулӏи,чӏартилалӏи,,,,,N,,
колос,ора,"б, б",оробил,орулӏи,оробалӏи,,,,,N,,
корень,гьикьим,"б, б",гьикьимол,гьикьимулӏи,гьикьималӏи,,,,,N,,
легкое,хунсир,"б, б",хунсидул,хунсирулӏи,хунсидалӏи,,,,,N,,
лист,лъахиб,"р, р",лъахибол,лъахибулӏи,лъахибалӏи,,,,,N,,
лист,ол,"р, р",олил,олуллӏи,олилилӏи,,,,,N,,
луна,порцӏцӏи,"б, б",порцӏцӏадул,порцӏцӏилӏи,порцӏцӏадалӏи,,,,,N,,
масло,лӏурлӏа,"р, р",лӏурлӏол,лӏурлӏолӏи,лӏурлӏолилӏи,,,,,N,,
мед,гьунцӏцӏи,"р, р",гьунцӏцӏил,гьунцӏцӏилӏи,гьунцӏцӏибалӏи,,,,,N,,
место,миса,"б, б",мисал,мисаллӏи,мисалилӏи,,,,,N,,
молитва,ккубайдир,"р, р",ккуболийдирол,ккубайдирлӏи,ккуболийдирлӏи,,,,,N,,
мотыга,цел,"б, б",целадул,целуллӏи,целадалӏи,,,,,N,,
мякина,никку,"р, р",никкодул,никкулӏи,никкодалӏи,,,,,N,,
наперсток,цӏцӏекӏа,"б, б",цӏцӏекӏалъолол,цӏцӏекӏалӏи,цӏцӏекӏалъолалӏи,,,,,N,,
нитка,рекун,"р, р",рекумол,рекунолӏи,рекумалӏи,,,,,N,,
олово,гъалай,б,,гъалайлӏи,,,,,,N,,
потолок,эркъал,"б, б",эркъалол,эркъалулӏи,эркъалалӏи,,,,,N,,
самец,кунтӏа,"б, й",кунтӏол,кунтӏаллӏи,кунтӏолилӏи,,,,,N,,
сито,сусукӏу,"р, р",сусукӏобил,сусукӏулӏи,сусукӏобалӏи,,,,,N,,
сновидение,мокьи,"р, р",мокьалол,мокьилӏи,мокьалалӏи,,,,,N,,
сосок,кока,"б, б",кокобил,кокулӏи,кокобалӏи,,,,,N,,
соха,ребццу,"р, р",ребццодул,ребццодолӏи,ребццодалӏи,,,,,N,,
хинкал,хинкӏил,"б, б",хинкӏилол,хинкӏилулӏи,хинкӏилалӏи,,,,,N,,
дверь,гьинцӏцӏу,"р, р",гьинцӏцӏобил,гьинцӏцӏулӏи,гьинцӏцӏобалӏи,,,,,N,,
кошка,геду,"б, й",гедобил,гедолӏи,гедобалӏи,,,,,N,,
мужчина,кунтӏа,"в, в",кунтӏобил,кунтӏув,кунтӏобав,,,,,N,,
трава,чӏаха,р,,чӏахалӏи,,,,,,N,,
ангел,малайки,"в, в",малайкол,малайкишуб,малайкалуб,,,,,N,,
диван,диван,"б, б",дивамил,диванулӏи,дивамалӏол,,,,,N,,
копейка,кепекки,"б, б",кепекол,кепеккулӏи,кепеккалӏи,,,,,N,,
машина,машина,"б, б",машинобил,машинулӏи,машинобалӏи,,,,,N,,
намаз,ккубайдир,,ккуболийдирол,,,,,,,N,,
пророк,авараг,в,,аварагишуб,,,,,,N,,
цыган,цигван,"в, в",цигвамадул,цигваншур,цигвамадар,,,,,N,,
школа,ушкул,"б, б",ушкулол,ушкулулӏи,ушкулалӏи,,,,,N,,
грузин,гуржи,"в, в",гуржийол,гуржишув,гуржийолув,,,,,N,,
айва,хӏаваъинчи,"б, б",хӏаваъинчил,хӏаваъинчиллӏи,хӏаваъинчилилӏи,,,,,N,,
амулет,сабаб,"р, р",сабабол,сабабулӏи,сабабалӏи,,,,,N,,
арка,кӏкӏамур,"б, б",кӏкӏамурдул,кӏкӏамурулӏи,кӏкӏамурдалӏи,,,,,N,,
беда,къинтӏилъир,"р, р",къинтӏилъирол,къинтӏилъирлӏи,къинтӏилъиралӏи,,,,,N,,
бедность,бискинлъир,"р, р; б, б",бискинлъирол,бискинлъирлӏи,бискинлъиролилӏи,,,,,N,,
берег,рагьал,"б, б",рагьалдул,рагьалулӏи,рагьалдалӏи,,,,,N,,
боль,рукъур,"б, б",рукъурол,рукъурлӏи,рукъуралӏол,,,,,N,,
бородавка,гьиму,"р, р",гьимодул,гьимулӏи,гьимодалӏи,,,,,N,,
борьба,рахор,б,,рахорлӏи,,,,,,N,,
ботва,маъа,"б, б",маъол,маъулӏи,маъалӏи,,,,,N,,
бочка,шалеги,"б, б",шалегобил,шалегулӏи,шалегобалӏи,,,,,N,,
брак,бертин,"б, б",бертимол,бертинулӏи,бертималӏи,,,,,N,,
бронза,йези,б,,йезилӏи,,,,,,N,,
бубен,джергъин,"б, б",джергъемил,джергъинулӏи,джергъемалӏи,,,,,N,,
бутылка,шиша,"р, р",шишобил,шишулӏи,шишобалӏи,,,,,N,,
ведро,челеки,"б, б",челекобил,челекулӏи,челекобалӏи,,,,,N,,
весы,килол,р,,,килолилӏи,,,,,N,,
ветвь,анга,"р, р",ангибол,ангулӏи,ангибалӏи,,,,,N,,
вещь,дан,"б, б",данол,данлӏи,даналлӏи,,,,,N,,
взятка,ришвати,б,,ришватиллӏи,,,,,,N,,
вишня,жигижаги,р,,жигижагиллӏи,,,,,,N,,
вкус,тӏагӏам,"б, б",тӏагӏамил,тӏагӏамулӏи,тӏагӏамалӏи,,,,,N,,
внимание,бакки,б,,баккилӏи,,,,,,N,,
воздух,гьава,б,,гьаваллӏи,,,,,,N,,
возраст,ригьи,"б, б",ригьиллӏол,,,,,,,N,,
войлок,гьургу,"б, б",гьоргодул,гьургулӏи,гьоргодалӏи,,,,,N,,
волдырь,пудил,"б, б",пудилол,пудилулӏи,пудилалӏи,,,,,N,,
воспитание,гӏахълулъай,б,,гӏахълулъайлӏи,,,,,,N,,
время,заман,б,,заманлӏи,,,,,,N,,
время,ригьи,б,,ригьиллӏи,,,,,,N,,
вторник,талати,,,,,,,,,N,,
глоток,хъунхъу,,,,,,,,,N,,
глубина,удилъир,б,,удилъирлӏи,,,,,,N,,
грипп,гьонхъисси,,,,,,,,,N,,
добро,рецци,б,,,,,,,,N,,
дракон,аздагьу,"б, й",аздагьобил,аздагьулӏи,аздагьобалӏи,,,,,N,,
древесина,лъуди,"б, б",лъудол,лъудиллӏи,лъудалӏи,,,,,N,,
дробь,чечма,"б, б",чечмал,чечмаллӏи,чечмалилӏи,,,,,N,,
дыхание,шанкьаннир,б,,шанкьаннирлӏи,,,,,,N,,
дыхание,гьухьал; хӏухьал,"б, б",гьухьалол,гьухьалулӏи,гьухьалалӏи,,,,,N,,
дятел,кӏутӏкӏутӏ,"б, й",кӏутӏкӏутӏол,кӏутӏкӏутӏиллӏи,кӏутӏкӏутӏалӏи,,,,,N,,
еда,мугьу,"б, б",мугьодул,мугьулӏи,мугьодалӏи,,,,,N,,
жало,ъвен,"б, б",ъвенибол,ъвенулӏи,ъвенибалӏи,,,,,N,,
жало,гъвен,"б, б",гъвенибол,гъвенулӏи,гъвенибалӏи,,,,,N,,
желание,муради,"б, б",мурадол,мурадиллӏи,мурадалӏи,,,,,N,,
журавль,решинолӏи къурру,,решинолӏи къуррол,решинолӏи къурролӏи,решинолӏи къурралӏи,,,,,N,,
завещание,васийат,"б, б",васийатол,васийатиллӏи,васийаталӏи,,,,,N,,
загон,гъадил,"б, б",гъадилол,гъадилулӏи,гъадилолалӏи,,,,,N,,
задача,масъала,"б, б",масъалобил,масъалулӏи,масъалобалӏи,,,,,N,,
запрет,хӏарам,"б, б",хӏарамол,хӏарамулӏи,хӏарамалӏол,,,,,N,,
заявление,арзи,"б, б",арзил,арзиллӏи,арзилилӏи,,,,,N,,
звонок,зарзал,"р, р",зарзалол,зарзалулӏи,зарзалалӏи,,,,,N,,
здоровье,сагъилъир,"б, б",сагъилъирол,сагъилъирлӏи,сагъоллъиралӏи,,,,,N,,
зрение,гьалли,"р, р",гьаллил,гьаллиллӏи,гьаллилилӏи,,,,,N,,
зурна,зумура,"б, б",зумурдул,зумурулӏи,зумурдалӏи,,,,,N,,
игра,гидал,"б, б",гидалол,гидалулӏи,гидалалӏо,,,,,N,,
известь,гачи,"б, б",гачил,гачилӏи,гачилилӏи,,,,,N,,
изъян,гъайа,,,,,,,,,N,,
имам,дибир,"в, в",дибирадул,дибиршур,дибирадарул,,,,,N,,
индюк,гургул,"б, й",гургулол,гургулулӏи,гургулалӏи,,,,,N,,
каблук,мижа,"б, б",мижалол,мижалулӏи,мижалалӏи,,,,,N,,
казак,хъазахъи,"в, в",хъазахъол,хъазахъишур,хъазахъарул,,,,,N,,
калитка,гъалир,"б, б",гъалирдул,гъалирдолӏи,гъалирдалӏол,,,,,N,,
камедь,сино,"р, р",синол,синолӏи,синолилӏи,,,,,N,,
канава,рохъи,"б, б",рохъадул,рохъиллӏи,рохъадалӏи,,,,,N,,
картофель,картуш,"б, б",картушол,картушулӏи,картушалӏи,,,,,N,,
каша,кощи,"р, р",кощил,кощилӏи,кощилилӏи,,,,,N,,
клевета,бутан,"р, р",бутамил,бутанулӏи,бутамалӏи,,,,,N,,
клейстер,шилиш,"р, р",шилишол,шилишулӏи,шилишалӏи,,,,,N,,
коридор,калидур,"б, б",калидурол,калидурулӏи,калидуралӏи,,,,,N,,
крепость,хъала,"б, б",хъалибол,хъалаллӏи,хъалибалӏи,,,,,N,,
крошка,чӏичӏихъил,"б, б",чӏичӏихъилол,чӏичӏихъилулӏи,чӏичӏихъилалӏи,,,,,N,,
кружка,гурушка,"б, б",гурушкобил,гурушкулӏи,гурушкобалӏи,,,,,N,,
кузнец,ихум,"в, в",ихумадул,ихумшур,ихумадарул,,,,,N,,
куча,гъун,"б, б",гъунадул,гъунлӏи,гъунадалӏи,,,,,N,,
левша,кучӏилъасси,,,,,,,,,N,,
лемех,къеб,"б, б",къебадул,къеболӏи,къебадалӏи,,,,,N,,
линия,михъур,"б, б",михъурдул,михъурулӏи,михъурдалӏи,,,,,N,,
лом,тупанги,,,,,,,,,N,,
лучина,мигу,"б, б",мигодул,мигулӏи,мигодалӏи,,,,,N,,
маслобойка,кверу,"б, б",квердобил,квердолӏи,квердобалӏи,,,,,N,,
матрац,бешен,"б, б",бешемил,бешенлӏи,бешемалӏи,бешенъа,,,,N,,
метла,лӏарлӏал,"б, б",лӏарлӏалол,лӏарлӏаллӏи,лӏарлӏалалӏи,,,,,N,,
мешочек,таргьа,"б, б",таргьибол,таргьулӏи,таргьибалӏи,,,,,N,,
минарет,миъмар,"б, б",миъмарол,миъмарулӏи,миъмаралӏи,,,,,N,,
минута,минута,"б, б",минутол,минутиллӏи,минуталӏи,,,,,N,,
морковь,маматӏур,"б, б",маматӏурол,маматӏурулӏи,маматӏуралӏи,,,,,N,,
мочевой пузырь,покъу,"б, б",покъудул,покъудолӏи,покъудалӏи,,,,,N,,
мудрец,цӏудур,,,,,,,,,N,,
мулла,дибир,"в, в",дибирадул,дибиршур,дибирадарул,,,,,N,,
мысль,пикру,"б, б",пикродул,пикруллӏи,пикрудалӏи,,,,,N,,
надежда,хьул,"б, б",хьуладул,,хьуладалӏи,,,,,N,,
напильник,чирон,"б, б",чиромил,чиронлӏи,чиромалӏи,,,,,N,,
насилие,зулму,"б, б",зулмодул,зулмулӏи,зулмодалӏи,,,,,N,,
нетель,чӏора,"б, й",чӏоробил,чӏоролӏи,чӏоробалӏи,,,,,N,,
нора,багин,"б, б",багимол,багинулӏи,багималӏи,,,,,N,,
нужда,гьаджатилъир,,,,,,,,,N,,
обезьяна,маймалаки,,,,,,,,,N,,
обжора,кӏункӏул,"в, в",кӏункӏулол,кӏункӏулшур,кӏункӏулолуб,,,,,N,,
огурец,охцер,"б, б",охцердул,охцерулӏи,охцердалӏи,,,,,N,,
ответ,джаваб,"б, б",джавабол,джавабулӏи,джавабалӏи,,,,,N,,
офицер,апицер,"в, в",апицерадул,апицершур,апицерадар,,,,,N,,
оценка,къиммати,,,,,,,,,N,,
пазуха,инлъир,,,,,,,,,N,,
пальто,палту,"б, б",палтодул,палтудолӏи,палтодалӏи,,,,,N,,
папироса,хъалийан,"б, б",хъалийамил,хъалийанулӏи,хъалийамалӏи,,,,,N,,
перец,пурч,б,,пурчилӏи,,,,,,N,,
плита,къуну,"р, р",къунибол,къунуллӏи,къунибалӏи,,,,,N,,
плов,пулав,б,,пулавлӏи,,,,,,N,,
плотник,устар,"в, в",устарадул,устаршур,устарадарул,,,,,N,,
подпруга,къвал,"б, б",къвалил,къвалуллӏи,къвалилилӏи,,,,,N,,
позор,сули,,,,,,,,,N,,
позор,инзил,"б, б",инзилол,инзилулӏи,инзилалӏи,,,,,N,,
полотенце,рокьучул,"р, р",рокьучулол,рокьучулулӏи,рокьучулалӏи,,,,,N,,
помощь,кумеки,"б, б",кумекол,кумекиллӏи,кумекалӏи,,,,,N,,
понедельник,итни зубу,,,,,,,,,N,,
попрошайка,хохол,"в, в",хохоладул,хохолшур,хохоладар,,,,,N,,
попрошайка,хохол,"й, й",хохоладул,хохоллӏи,хохоладалӏи,,,,,N,,
порох,чӏир,б,,чӏирлӏи,,,,,,N,,
поручение,молъи,"р, р",молъалол,молъиллӏи,молъалалӏи,,,,,N,,
почерк,хатӏи,р,,хатӏиллӏи,,,,,,N,,
правитель,хӏаким,"в, в",,,,,,,,N,,
правительство,хӏукумати,"б, б",хӏукуматол,хӏукуматиллӏи,хӏукуматалӏол,,,,,N,,
пригоршня,лъумур,"б, б",лъумурдул,"лъумурлӏи, лъумурулӏи",лъумурдалӏол,,,,,N,,
пример,мисал,б,,мисалалӏи,,,,,,N,,
природа,тӏабигӏат,,,,,,,,,N,,
прицел,ишан,б,,,,,,,,N,,
проповедь,ваъаза,"б, б",ваъазал,ваъазаллӏи,,,,,,N,,
простор,атӏилъи,,,,,,,,,N,,
пушка,арада,"б, б",арадобил,арадулӏи,арадобалӏи,,,,,N,,
пятно,тӏанкил,"б, б",тӏанкилол,тӏанкилулӏи,тӏанкилалӏи,,,,,N,,
раз,микъи,,,,,,,,,N,,
разговор,реддон,"р, р",реддомил,реддонулӏи,реддомалӏи,,,,,N,,
размышление,пикру,"б, б",пикродул,пикруллӏи,пикрудалӏи,,,,,N,,
разница,батӏалъир,б,,батӏалъирлӏи,,,,,,N,,
разрешение,изну,б,,,,,,,,N,,
рай,алджан,,,,,,,,,N,,
ранение,къиралъий,,,,,,,,,N,,
рассвет,кванлъир,,,,,,,,,N,,
рассол,цӏонтур,,,,,,,,,N,,
расстояние,манзил,"б, б",манзилол,манзилулӏи,манзилалӏи,,,,,N,,
результат,хӏассил,"б, б",хӏассилол,хӏассилулӏи,хӏассилалӏи,,,,,N,,
решение,хӏукму,"б, б",хӏукмодул,хӏукмуллӏи,хӏукмодалӏи,,,,,N,,
ржавчина,кьаву,"б, б",кьаводул,кьавулӏи,кьаводалӏи,,,,,N,,
рубанок,ссургу,"б, б",ссургодул,ссургулӏи,ссургодалӏи,,,,,N,,
сад,охи,"р, р",охил,охилӏи,охилалӏи,,,,,N,,
сапоги,чакмай,"б, б",чакмайол,чакмайулӏи,чакмайалӏи,,,,,N,,
сбор,мишу,б,,,,,,,,N,,
свекла,чӏабкӏулди,"б, б",чӏабкӏулдол,чӏабкӏулдулӏи,чӏабкӏулдалӏи,,,,,N,,
сердцевина,рокӏо,"р, р",рокӏол,рокӏоллӏи,рокӏолилӏи,,,,,N,,
ситец,чит,р,,читиллӏи,,,,,,N,,
скорлупа,хъал,б,хъалил,хъалуллӏи,хъалилилӏи,,,,,N,,
соболезнование,зигара,б,зигардул,зигаралӏи,зигардалӏи,,,,,N,,
согласие,разилъир,б,,разилъирлӏи,,,,,,N,,
сода,суда,б,,судаллӏи,судалӏол,,,,,N,,
сорт,тайпа,"б, б",тайпал,тайпаллӏи,тайпалилӏи,,,,,N,,
состояние,хӏал,б,,,,,,,,N,,
способность,гьунар,"б, б",гьунардул,гьунарулӏи,гьунардалӏи,,,,,N,,
ссора,питна,"р, р",питнал,питналлӏи,питналилӏи,,,,,N,,
ссора,гъалмагъар,б,,гъалмагъарлӏи,,,,,,N,,
сталь,чирон,б,,чиронлӏи,,,,,,N,,
столб,гьума,"б, б",гьумадол,гьумаллӏи,гьумадалӏи,,,,,N,,
столица,тахшагьар,б,,,,,,,,N,,
стон,зигара,б,зигардул,зигаралӏи,зигардалӏи,,,,,N,,
строка,михъур,"б, б",михъурдул,михъурулӏи,михъурдалӏи,,,,,N,,
частое сердцебиение,тӏваркӏишери,р,,тӏваркӏиллӏи,,,,,,N,,
суп,чорпа,б,чорпал,чорпаллӏи,чорпалилӏи,,,,,N,,
сустав,ричӏин,"р, р",ричӏимол,ричӏинулӏи,ричӏималӏи,,,,,N,,
тайна,къеча,б,,къечалилӏи,,,,,,N,,
ткань,хам,"б, б",хамил,хамлӏи,хамилилӏи,,,,,N,,
торговля,дарам,"б, б",дарамил,дарамлӏи,,,,,,N,,
точка,тӏанкӏил,"р, р",тӏанкӏилол,тӏанкӏилулӏи,тӏанкӏилалӏи,,,,,N,,
требование,тӏалаб,"б, б",тӏалабил,,,,,,,N,,
трость,анса,"р, р",ансибол,ансулӏи,ансибалӏи,,,,,N,,
тыква,держикӏа,"б, б",держикӏол,держикӏулӏи,держикӏалӏи,,,,,N,,
тюбетейка,писи,"б, б",писил,писиллӏи,писиллӏи,,,,,N,,
головной убор,такъийа,б,,такъийулӏи,,,,,,N,,
уважение,адаб,б,,адаблӏи,,,,,,N,,
удивление,тамашалъир,,,,,,,,,N,,
удод,гьобгьоб,"б, б",гьобгьобол,гьобгьоблӏи,гьобгьобалӏи,,,,,N,,
урок,дарсси,"б, б",дарссил,дарссиллӏи,дарссилилӏи,,,,,N,,
утварь,къай,"б, б",къайил,къайлӏи,къайилилӏи,,,,,N,,
ученый,гӏалим,"в, в",гӏалимадул,гӏалимшув,гӏалимадав,,,,,N,,
ученая,гӏалим,"й, й",гӏалимадул,гӏалимлӏи,гӏалимадалӏи,,,,,N,,
характер,амал,"б, б",амалол,амалалӏи,амалалӏи,,,,,N,,
холера,вабаъи,б,,,,,,,,N,,
хутор,кули,"б, б",кулил,кулиллӏи,,,,,,N,,
цвет,босо,"б, б",босол,,,,,,,N,,
чавкание,лъобкӏи,,,,,,,,,N,,
часы,саъати,"б, б",саъатобил,саъатулӏи,саъатобалӏи,,,,,N,,
четверг,хамизи,р,хамиз зубодул,,,,,,,N,,
чтение,баъир,б,,баъирлӏи,,,,,,N,,
чудо,гӏаламати,б,гӏаламатол,гӏаламатилӏи,,,,,,N,,
шерсть,михи,р,,михилӏи,,,,,,N,,
шест,мокъи,"б, б",мокъадул,мокъилӏи,мокъадалӏи,,,,,N,,
шкура,цӏцӏуку,"б, б",цӏцӏукодул,цӏцӏукудолӏи,цӏцӏукодалӏи,,,,,N,,
шкура,хуча,"р, р",хучол,хучулӏи,хучодалӏи,,,,,N,,
шоссе,шагьара,,,,,,,,,N,,
штраф,гьакӏа,"б, б",гьакӏал,гьакӏалӏи,,,,,,N,,
шуба,бишо,"б, б",бишодул,бишоллӏи,бишодалӏи,,,,,N,,
шутка,масхара,"б, б",масхардул,масхарулӏи,масхардалӏи,,,,,N,,
щипцы,хуцӏу,"б, б",хуцӏодул,хуцӏулӏи,хуцӏодул,,,,,N,,
ягодица,беххиркъил,"б, б",беххиркъилол,беххиркъилулӏи,беххиркъилалӏи,,,,,N,,
яичница,хайген,б,,хайгенлӏи,,,,,,N,,
ясность,байан,,,,,,,,,N,,
бабушка,ила,"й, й",,,,,,,,N,,
веревка,рошон,"р, р",рошомил,рошонулӏи,рошомалӏи,,,,,N,,
вор,лъомидо,"в, в",,лъомидошуб,,,,,,N,,
вор,лъомидо,"й, й",,,,,,,,N,,
гость,цӏцӏи,"в, в",цӏцӏил,цӏцӏишув,цӏцӏелувул,,,,,N,,
гостья,цӏцӏи,"й, й",цӏцӏил,цӏцӏиллӏи,цӏцӏелувул,,,,,N,,
гриб,хорошашуб авъара,"б, б",хорошашубул авъардул,хорошашуб авъарулӏи,хорошашубул авъардалӏи,,,,,N,,
еж,ужрукъи,"б, й",ужрукъол,ужрукъулӏи,ужрукъалӏи,,,,,N,,
жила,щекӏи,"б, б",щекӏил,щекӏиллӏи,щекӏилилӏи,,,,,N,,
запах,шан,"б, б",шанил,шанлӏи,шанилилӏи,,,,,N,,
земля,онщи,б,,оншилӏи,,,,,,N,,
кабан,хунтӏа,"б, й",хунтӏил,хунтӏулӏи,хунтӏилӏи,,,,,N,,
кол,хӏахъум,"б, б",хӏахъумол,хӏахъумулӏи,хӏахъумалӏи,,,,,N,,
кора,хъал,"б, б",хъалил,хъалулӏи,хъалилилӏи,,,,,N,,
косточка,гага,б,,гагулӏи,,,,,,N,,
куст,хъарахъи,"б, б",хъарахъол,хъарахъулӏи,хъарахъалӏи,,,,,N,,
мята,инцциртӏа,р,,инцциртӏалӏи,,,,,,N,,
ноша,къай,б,,къайлӏи,,,,,,N,,
огород,чӏадил,"б, б",чӏадилол,чӏадиллӏи,чӏадилалӏи,,,,,N,,
перхоть,къара,б,,къаралӏи,,,,,,N,,
пол,гьоъор,б,,гьоъорлӏи,,,,,,N,,
полдень,лъал,б,,лъаллӏи,,,,,,N,,
половник,гама,б,,гамулӏи,,,,,,N,,
пот,гьанъо,б,,гьанъолӏи,,,,,,N,,
равнина,байдан,"б, б",байдамил,байданулӏи,байдамалӏи,,,,,N,,
радуга,соруди йошиква йичонний,,,,,,,,,N,,
семя,шен,р,,шенлӏи,,,,,,N,,
скот,буцӏцӏир,"б, й",буцӏцӏирол,буцӏцӏирулӏи,буцӏцӏиралӏи,,,,,N,,
сосед,мадугьал,"в, в",мадугьаладул,мадугьалшуб,мадугьаладав,,,,,N,,
соседка,мадугьал,"й, й",мадугьаладул,мадугьаллӏи,мадугьаладалӏи,,,,,N,,
стрела,чӏор,р,,,,,,,,N,,
стул,мокӏо,"б, б",мокӏол,мокӏолӏи,мокӏолилӏи,,,,,N,,
сычуг,ребкьу,р,,ребкьулӏи,,,,,,N,,
тмин,миъор,р,,миъорлӏи,,,,,,N,,
утка,бадуши,"б, й",бадушол,бадушулӏи,бадушалӏи,,,,,N,,
холм,гъижи,"б, б",гъижадул,гъижилӏи,гъижадалӏи,гъижиъа,,,,N,,
щебень,гъогъу,б,гъогъодул,гъогъулӏи,гъогъодалӏи,,,,,N,,
алыча,кӏолли кӏуркӏул,"б, б",кӏолли кӏуркӏулол,кӏуркӏулулӏи,кӏуркӏулалӏи,,,,,N,,
бульон,кощи,"р, р",кощил,кощилӏи,кощилилӏи,,,,,N,,
дыра,багин,"б, б",багимол,багинулӏи,багималӏи,,,,,N,,
крыло,лъиру,"р, р",лъирдобил,лъирудолӏи,лъирудобалӏи,,,,,N,,
лиса,сори,"б, й",сордул,соролӏи,сордалӏи,,,,,N,,
лошадь,кӏоту,"б, й",кӏотил,кӏотулӏи,кӏотилӏи,,,,,N,,
невеста,бахӏарай,"й, й",бахӏардул,бахӏарайлӏи,бахӏардалӏи,,,,,N,,
ножны,релъоба,"б, б",релъобил,релъобулӏи,релъобалӏи,,,,,N,,
ножны,ххубару,"б, б",ххубардул,ххубарулӏи,ххубардалӏи,,,,,N,,
плечо,бехун,"б, б",бехумол,бехунулӏи,бехумалӏи,,,,,N,,
пояс,рокьучул,"р, р",рокьучулол,рокьучулулӏи,рокьучулалӏи,,,,,N,,
родник,инцци,"р, р",инццадул,инццилӏи,инццадалӏи,,,,,N,,
рожь,чӏори,б,,чӏорлӏи,,,,,,N,,
самка,гьорчӏи,"й, й",гьорчӏол,гьорчӏиллӏи,гьорчӏилилӏи,,,,,N,,
сметана,эл,"б, б",элил,элулӏи,элилилӏи,,,,,N,,
стремя,падучан,"б, б",падучамил,падучанлӏи,падучамалӏи,,,,,N,,
ступня,кьеркьил,"б, б",,,,,,,,N,,
трут,ссекӏу,"б, б",ссекӏодул,ссекӏулӏи,ссекӏодалӏи,,,,,N,,
туман,гьиро,"р, р",гьиродул,гьиролӏи,гьиродалӏи,,,,,N,,
хрящ,цӏецӏи,"б, б",цӏецӏил,цӏецӏилӏи,цӏецӏилилӏи,,,,,N,,
челюсть,чӏамчӏаллӏи,"б, б",чӏамчӏаллӏол,,,,,,,N,,
юла,пархил,"р, р",пархилол,пархилулӏи,пархилалӏи,,,,,N,,
армия,аскӏар,"б, б",аскӏарол,аскӏарлӏи,аскӏаралӏи,,,,,N,,
зерно,хӏалбахъин,"б, б",хӏалбахъинол,хӏалбахъинулӏи,хӏалбахъиналӏи,,,,,N,,
пиджак,кастум,"б, б",кастумол,кастумулӏи,кастумалӏи,,,,,N,,
ватная куртка,пенджеки,"б, б",пенджекол,пенджекулӏи,пенджекалӏи,,,,,N,,
суд,сути,"б, б",сутил,сутиллӏи,сутилилилӏи,,,,,N,,
сук,кӏурцӏцӏо,"б, б",кӏурцӏцӏодул,кӏурцӏцӏулӏи,кӏурцӏцӏодалӏи,,,,,N,,
фонарь,чирахъи,"б, б",чирахъол,чирахъулӏи,чирахъалӏи,,,,,N,,
имя,цӏцӏер,"р, р",цӏцӏердул,цӏцӏерулӏи,цӏцӏердалӏи,,,,,N,,
аппетит,хийал,"б, б",хийалол,хийалулӏи,хийалалӏи,,,,,N,,
барабанщик,къаличан,"в, в",къаличамадул,,,,,,,N,,
барабанщица,къаличан,"й, й",къаличамадул,,,,,,,N,,
безрукавка,кереᵸссери,"б, б",кереᵸссерол,кереᵸссериллӏи,кереᵸссеролилӏи,,,,,N,,
бидон,битон,"б, б",битомил,битонулӏи,битомалӏи,,,,,N,,
божья коровка,вошуле-йошиле,"б, й",вошуле-йошиболле,йошуллӏиле вошубле босо,,,,,,N,,
бродяга,сорсол,"в, в",сорсолол,сорсолшуй,сорсололуй,,,,,N,,
бродяга,сорсол,"й, й",сорсолол,сорсоллӏи,сорсололилӏи,,,,,N,,
бублик,гимура,"б, б",гимурдул,гимурулӏи,гимурдалӏи,,,,,N,,
бусинка,миххи,"б, б",миххил,миххилӏи,миххилилӏи,,,,,N,,
вершина,мийар,"р, р",мийардул,мийарулӏи,мийардалӏи,,,,,N,,
вес,гьокӏорулъир,б,,,,,,,,N,,
весть,хабар,б,,хабарулӏи,,,,,,N,,
воротник,гару,"б, б",гардобил,гардолӏи,гардобалӏи,,,,,N,,
впечатление,асар,б,,асарулӏи,,,,,,N,,
вред,зарар,"р, р",зарардул,зарарулӏи,зарардалӏи,,,,,N,,
вред,зийан,"р, р",зийанол,зийанулӏи,зийаналӏи,,,,,N,,
вход,кӏол,"б, б",кӏолибол,кӏололӏи,кӏолибалӏи,,,,,N,,
высота,гьирцӏилъер,"б, б",гьирцӏилъерадул,гьирцӏилъерлӏи,гьирцӏилъерадалӏи,,,,,N,,
газ,газ,б,,газулӏи,,,,,,N,,
газета,кайзати,"б, б",кайзатол,кайзатулӏи,кайзаталӏи,,,,,N,,
девушка,йоши,"й, й",йошибол,йошулӏи,йошибалӏи,,,,,N,,
животное,хӏайван,"б, й",хӏайванол,хӏайванулӏи,хӏайваналӏи,,,,,N,,
жук,щирщил,"б, й",щирщилол,щирщилулӏи,щирщилалӏи,,,,,N,,
зависть,джахӏда,б,,джахӏдалилӏи,,,,,,N,,
зарплата,харжи,"б, б",харжил,харжиллӏи,харжилилӏи,,,,,N,,
засов,турхасси,"б, б",турхассол,турхассиллӏи,турхассалӏи,,,,,N,,
зло,тӏу,"р, р",тӏулил,тӏуллӏи,тӏулилилӏи,,,,,N,,
знак,ишара,"б, б",ишардул,ишарулӏи,ишардалӏи,,,,,N,,
зубец,сол,"р, р",солибол,солуллӏи,солбалӏи,,,,,N,,
зурнист,зурмухъан,"в, в",зурмухъамадул,зурмухъаншув,зурмухъамадавул,,,,,N,,
зурнистка,зурмухъан,"й, й",зурмухъамадул,зурмухъанлӏи,зурмухъамадалӏи,,,,,N,,
изобилие,гьарзалъир,"б, б",гьарзалъирол,гьарзалъирлӏи,,,,,,N,,
имущество,реси,б,,,,,,,,N,,
иноходь,йоргъа,б,,,,йоргъалъа,,,,N,,
кирпич,кирпич,"б, б",кирпичол,кирпичулӏи,кирпичалӏи,,,,,N,,
клеймо,анжи,"р, р",анжодул,анжиллӏи,анжодалӏи,,,,,N,,
клубок,кӏошкӏон,"р, р",кӏошкӏомил,кӏошкӏонулӏи,кӏошкӏомалӏи,,,,,N,,
клубок,кӏуцӏцӏа,"р, р",кӏуцӏцӏибол,кӏуцӏцӏаллӏи,кӏуцӏцӏибалӏи,,,,,N,,
кляча,ича,"б, й",ичил,ичулӏи,ичилӏи,ичуъа,,,,N,,
корка,хъал,б,хъалил,хъалуллӏи,хъалилилӏи,,,,,N,,
крик,лъочӏчӏу,"б, б",лъочӏчӏудул,лъочӏчӏуллӏи,лъочӏчӏудалъи,,,,,N,,
круг,гор,"р, р",гордул,горуллӏи,гордалӏи,,,,,N,,
кутан,алахи,"б, б",алахол,алахиллӏи,алахалӏи,алахил.ъо,,,,N,,
ласка,ундурукьи,"б, й",ундурукьил,ундурукьиллӏи,ундурукьилилӏи,,,,,N,,
лен,турти,"р, р",туртил,туртилӏи,туртилилӏи,,,,,N,,
лень,кӏвагьаллъир,б,,кӏвагьаллъирлӏи,,,,,,N,,
лепешка,панкъи,"б, б",панкъол,панкъиллӏи,панкъалӏи,,,,,N,,
литр,литра,"р, р",литрал,,,,,,,N,,
лоза,гъалъа,"р, р",гъалъол,гъалъаллӏи,гъалъалилӏи,,,,,N,,
ляжка,ахъу,"б, б",ахъобил,ахъулолӏи,ахъулолӏи,,,,,N,,
магазин,тукен,"б, б",тукемил,тукенулӏи,тукемалӏи,,,,,N,,
макушка,эмийар,"р, р",эмийардул,эмийарулӏи,эмийардалӏи,,,,,N,,
марка,маркӏа,"б, б",маркӏибул,маркӏаллӏи,маркӏибалӏи,,,,,N,,
мастер,устӏар,"в, в",устӏарадул,устӏаршув,устӏарадавул,,,,,N,,
мизинец,бошицӏцӏекӏа,"б, б",бошицӏцӏекӏобил,бошицӏцӏекӏулӏи,бошицӏцӏекӏобалӏи,бошицӏцӏекӏуъа,,,,N,,
миллион,миллион,"б, б",миллиомил,,,,,,,N,,
милосердие,рахӏмат,"б, б",рахӏматол,рахӏматиллӏи,рахӏматалӏи,,,,,N,,
милосердие,рахӏмати,"б, б",рахӏматол,рахӏматиллӏи,рахӏматалӏи,,,,,N,,
мир,дуниял,"б, б",дуниялол,дунияллӏи,дуниялалӏи,,,,,N,,
можжевельник,цӏцӏирлӏи,"б, б",цӏцӏирлӏол,цӏцӏирлӏиллӏи,цӏцӏирлӏолилӏи,,,,,N,,
моток,кӏуцӏа,"р, р",кӏуцӏал,кӏуцӏаллӏи,кӏуцӏалилӏи,,,,,N,,
мусульманин,буссурман,"в, в",буссурманол,буссурманшуб,буссурманадаб,,,,,N,,
мусульманка,буссурман,"й, й",буссурманол,буссурманлӏи,буссурманадалӏи,,,,,N,,
народ,хал.ъи,б,,,,,,,,N,,
учение,элму,"р, р",элмудул,элмулӏи,элмудалӏи,,,,,N,,
учение,гӏэлму,"р, р",гӏэлмудул,гӏэлмулӏи,гӏэлмудалӏи,,,,,N,,
неприязнь,джахӏда,"б, б",джахӏдал,джахӏдаллӏи,джахӏдалилӏи,,,,,N,,
нефть,набти,"б, б",набтил,набтиллӏи,набтилилӏи,,,,,N,,
норма,мадар,,,,,,,,,N,,
облепиха,гъарцӏцӏи,"р, р",гъарцӏцӏил,гъарцӏцӏиллӏи,гъарцӏцӏилилӏол,,,,,N,,
обыск,цӏцӏиᵸхъин,"б, б",цӏцӏиᵸхъимол,цӏцӏиᵸхъирлӏи,цӏцӏиᵸхъималӏи,,,,,N,,
обычай,адат,"б, б",адатол,адатулӏи,адаталӏи,,,,,N,,
отдых,шаннир,"р, р",шаннибул,шаннирлӏи,шанниралӏи,,,,,N,,
отдых,гьалхи,,,,,,,,,N,,
отсутствие,ссулъир,,,,,,,,,N,,
охота,чониву,,,чонлӏи,,,,,,N,,
палатка,чатир,"б, б",чатирдул,чатирулӏи,чатирдалӏи,,,,,N,,
палочка,жала,"р, р",жалибол,жалулӏи,жалибалӏи,,,,,N,,
папа,дада,"в, в",дадалал,дадав,дадалав,дадаъа,,,,N,дада<obl>:дада,
патрон,патрон,"р, р",патромил,патронулӏи,патромалӏи,,,,,N,,
пахота,рекьир,р,,рекьирлӏи,,,,,,N,,
пашня,мигъи,"б, б",мигъил,мигъилӏи,мигъилилӏи,,,,,N,,
плач,моъо,"б, б",моъол,моъолӏи,моъолилӏи,,,,,N,,
плевок,тудир,,,,,,,,,N,,
поворот,сери,"б, б",серадул,,,,,,,N,,
подошва,лъол,"б, б",лъолибол,лъолулӏи,лъолибалӏи,,,,,N,,
покой,рахӏат,"б, б",рахӏатол,рахӏатилӏи,,,,,,N,,
пола,рускӏол,"б, б",рускӏолол,рускӏолулӏи,рускӏолалӏи,,,,,N,,
порог,сарейлӏул,"б, б",сарейлӏулол,сарейлӏулулӏи,сарейлӏулалӏи,,,,,N,,
родство,наслу,"б, б",наслодул,,,,,,,N,,
праздник,паразники,,паразники,,,,,,,N,,
прохлада,соккуй,,,,,,,,,N,,
работник,хӏалтухъан,"в, в",,,,,,,,N,,
работница,хӏалтухъан,"й, й",,,,,,,,N,,
рассказ,хабар,б,,хабарулӏи,,,,,,N,,
редька,талган,"б, б",талгамил,талганлӏи,талгамалӏи,,,,,N,,
ровесник,сер рещинлъол,,,,,,,,,N,,
рогатка,гьинцӏошамшал,"б, б",гьинцӏошамшалол,гьинцӏошамшаллӏи,гьинцӏошамшалалӏи,,,,,N,,
родня,мийарлӏол,"б, б",мийарлӏилъир,,,,,,,N,,
ругань,хьами,"р, р",хьамил,хьамиллӏи,хьамилилӏи,,,,,N,,
самовар,самавар,"б, б",самаварол,самаварулӏи,самаваралӏи,,,,,N,,
санки,чанагъи,"р, р",чанагъобил,чанагъулӏи,чанагъобалӏи,чанагъуъа,,,,N,,
светлячок,гьечӏодоъо бикуйа,"б, й",гьечӏодоъо йокуйал,,,,,,,N,,
свисток,щомщол,"б, б",щомщолол,щомщолулӏи,щомщолалӏол,,,,,N,,
сенокос,хханнийа,"б, б",хханнийол,хханнирлӏи,хханнийолилӏи,,,,,N,,
"гормошка, баян, аккардеон",чагъана,,,,,,,,,N,,
совесть,йахӏнамуси,б,,,,,,,,N,,
соседство,реххон,р,,реххоноъа,,,,,,N,,
порядок,адлу,,,,,,,,,N,,
стебель,маъа,"б, б",маъол,маъулӏи,маъалӏи,,,,,N,,
страх,ссирдир,б,,ссирдиролӏи,,,,,,N,,
струна,чӏол,"р, р",чӏолибол,чӏолуллӏи,чӏолибалӏи,,,,,N,,
теща,илакьору,"й, й",илакьордобил,илакьорулӏи,илакьордобалӏи,,,,,N,,
комната,гьакъу,"р, р",гьакъобил,гьакъулӏи,гьакъобалӏи,,,,,N,,
дом,гьакъу,"р, р",гьакъобил,гьакъулӏи,гьакъобалӏи,,,,,N,,
лампочка,чирахъи,"б, б",чирахъол,чирахъулӏи,чирахъалӏи,,,,,N,,
тахта,манги,"б, б",мангил,мангиллӏи,мангилилъол,,,,,N,,
мерка,расон,"р, р",расомил,расонулӏи,расомалӏи,,,,,N,,
разбойник,хъачагъи,"в, в",хъачагъол,хъачагъишуй,хъачагъавул,,,,,N,,
разбойница,хъачагъи,"й, й",хъачагъол,"хъачагъиллӏи,",хъачагъалӏол,,,,,N,,
задвижка,пархил,"р, р",пархилол,пархилулӏи,пархилалӏи,,,,,N,,
заикание,бабадир,,,,,,,,,N,,
перемирие,рокъир,"б, б",рокъирол,рокъирлӏи,рокъиролӏи,,,,,N,,
невестка,нуса,"й, й",нусибадул,нусаллӏи,нусибадалӏи,,,,,N,,
балалайка,пандур,"б, б",пандурдул,пандурулӏи,пандурдалӏи,,,,,N,,
пандур (народный инструмент),чагур,"б, б",чагурдул,чагурулӏи,чагурдалӏи,,,,,N,,
чуду,ингур,"б, б",ингурдол,ингурулӏи,ингурдалӏи,ингоруъа,,,,N,,
веснушка,чӏутӏи,"р, р",чӏутӏилол,чӏутӏиллӏи,чӏутӏилалӏи,,,,,N,,
мячик,кӏошкӏон,"р, р",кӏошкӏомил,кӏошкӏонулӏи,кӏошкӏомалӏи,,,,,N,,
доброе утро,вучӏчӏиде,,,,,,"йичӏиде, бичӏиде, вачӏилде, йачӏилде, бачӏилде",,,EXCL,,
"возглас удивление, сожаления, неожиданности",тамаша,,,,,,,,,EXCL,,
возглас сожаления,вуй,,,,,,,,,EXCL,,
возглас радости,вай,,,,,,,,,EXCL,,
"возглас сожаления, если болит",вай,,,,,,,,,EXCL,,
оп (восклицание),гьоп,,,,,,,,,EXCL,,
"возглас сожаления, если что-то не получилось",вахІ,,,,,,,,,EXCL,,
эй (окрик),гьей,,,,,,,,,EXCL,,
да,гьуᵸ,,,,,,,,,EXCL,,
да,джи,,,,,,,,,EXCL,,
на,го,,,,,,,,,EXCL,,
спасибо,баркала,,,,,,,,,EXCL,,
нет,ссу,,,,,,,,,EXCL,,
в ответ на пожелание,амин,,,,,,,,,EXCL,,
неужели,гьугъибахъиле,,,,,,,,,EXCL,,
не,ссу,,,,,,,,,EXCL,,
брысь,учи,,,,,,,,,EXCL,,
часто,бигьу,,,,,,"бигьу, ригьу, йигьу, вугьу",,,ADV,бигьу:гьу,
слишком,бигьу,,,,,,"бигьу, ригьу, йигьу, вугьу",,,ADV,бигьу:гьу,
много (неисчисляемые),бигьугу,,,,,,"бигьугу, ригьугу",,,ADV,бигьугу:гьугу,
обратно,беху-бекъудиба,,,,,,"веху-векъудива, йеху-йекъудийа",,,ADV,бекъубекъудиба:еху :екъуди :а,
обратно,беху-бехудиба,,,,,,"веху-вехудива, йеху-йехудийа",,,ADV,бехубехудиба:еху :ехуди :а,
обратно,бехудиба,,,,,,"вехудива, йехудийа",,,ADV,бехудиба:ехуди :а,
вокруг,бехъиссорий,,,,,,"вехъиссорий, йехъиссорий, бехъиссорий",,,ADV,бехъиссорий:ехъиссорий,
сюда,гьобаро,,,,,,"гьойаро, гьоваро",,,ADV,гьобаро:гьо :аро,
туда,гьудуба,,,,,,"гьудуйа, гьудува, гьудувал, гьудуйал",,,ADV,гьудуба:гьуду :а,
куда,иба,,,,,,"ийа, иба, ивал, ийал",,,ADV,иба:и :а,
куда-нибудь,ивагу вукӏоболло,,,,,,ийагу йикӏоболло,,,ADV,,
отовсюду,инукку имало,,,,,,инукку инало (р); инукку и2йаллоссол; инукку и2валлоссол,,,ADV,,
домой,ищиба,,,,,,"ищийа, ищива",,,ADV,ищиба:ищи :а,
действительно,битӏигу,,,,,,"йитӏигу, вутӏигу",,,ADV,битӏигу:тӏигу,
много,бигьолгу,,,,,,"ригьолгу, вугьолгу, йигьолгу",,,ADV,бигьолгу:гьолгу,
хорошо,шуб,,,,,,"шуб, шур, шуй",,,ADV,шуб:шу,
плохо,шубссу,,,,,,"шуйссу, шувссу",,,ADV,шубccу:шу :ссу,
вчера,суни,,,,,,,,,ADV,суни,
очень,золо,,,,,,,,,ADV,золо,
сегодня,желъал,,,,,,,,,ADV,желъал,
сегодня,жегьал,,,,,,,,,ADV,жегьал,
внизу,гьикьу,,,,,,,,,ADV,гьикьу,
впереди,сседу,,,,,,,,,ADV,сседу,
здесь,гьонолъу,,,,,,,,,ADV,гьонолъу,
ночью,гьечӏодоъо,,,,,,,,,ADV,гьечӏодоъо,
иногда,жиб жиб заман,,,,,,,,,ADV,,
там,гьуду,,,,,,,,,ADV,гьуду,
быстро,хехи,,,,,,,,,ADV,хехи,
внутри,гьину,,,,,,,,,ADV,гьину,
далеко,элолла,,,,,,,,,ADV,элолла,
медленно,илӏохъи,,,,,,,,,ADV,илӏохъи,
медленно,илӏогва,,,,,,,,,ADV,илӏогва,
послезавтра,сой,,,,,,,,,ADV,сой,
завтра,щела,,,,,,,,,ADV,щела,
в прошлом году,ссоб,,,,,,,,,ADV,ссоб,
вниз,гьикьу,,,,,,,,,ADV,гьикьу,
давно,нукӏвал,,,,,,,,,ADV,нукӏвал,
зимой,кьина,,,,,,,,,ADV,кьина,
когда,инна,,,,,,,,,ADV,инна,
конечно,гьайгьай,,,,,,,,,ADV,гьайгьай,
куда-то,ивалъиболо,,,,,,,,,ADV,ивалъиболо,
наверх,гьиъо,,,,,,,,,ADV,гьиъо,
назло,тӏулларай,,,,,,,,,ADV,тӏулларай,
например,масала,,,,,,,,,ADV,масала,
несколько,чомло,,,,,,,,,ADV,чомло,
нигде,себгулолъуссу,,,,,,,,,ADV,себгулолъуссу,
отсюда,гьонолъукку,,,,,,,,,ADV,гьонолъукку,
оттуда,гьондолъукку,,,,,,,,,ADV,гьондолъукку,
поблизости,лӏеру,,,,,,,,,ADV,лӏеру,
потом,онщило,,,,,,,,,ADV,онщило,
рано,беркъа,,,,,,,,,ADV,беркъа,
редко,нагвагьи,,,,,,,,,ADV,нагвагьи,
сколько,чӏомгъи,,,,,,,,,ADV,чӏомгъи,
сколько,илъагъи,,,,,,,,,ADV,илъагъи,
сколько,илъалгъи,,,,,,,,,ADV,илъалгъи,
сколько угодно,чӏобъасси,,,,,,,,,ADV,чӏобъасси,
сколько угодно,ибъасси,,,,,,,,,ADV,ибъасси,
столько,ибъало,,,,,,,,,ADV,ибъало,
так,гьонокьей,,,,,,,,,ADV,гьонокьей,
утром,охходоро,,,,,,,,,ADV,охходоро,
позавчера,сунассиб,,,,,,,,,ADV,сунассиб,
бегом,гьеллиб,,,,,,,,,ADV,гьеллиб,
в позапрошлом году,ссебо,,,,,,,,,ADV,ссебо,
в руках,коду,,,,,,,,,ADV,коду,
в этом году,жерешина,,,,,,,,,ADV,жерешина,
везде,инуккуъимало,,,,,,,,,ADV,инуккуъимало,
взаймы,налъохъи,,,,,,,,,ADV,налъохъи,
вперед,сседи,,,,,,,,,ADV,сседи,
впотьмах,ботӏидохъи,,,,,,,,,ADV,ботӏидохъи,
выше,гьиъаъон,,,,,,,,,ADV,гьиъаъон,
где-то,инуболо,,,,,,,,,ADV,инуболо,
дома,ищу,,,,,иша ишадахъи (все по домам),,,,ADV,ищу,
ежедневно,зубулӏи,,,,,,,,,ADV,зубулӏи,
еще,гьинджелло,,,,,,,,,ADV,гьинджелло,
еще,себгуло,,,,,,,,,ADV,себгуло,
изнутри,гьинукку,,,,,,,,,ADV,гьинукку,
изредка,нагвагьи,,,,,,,,,ADV,нагвагьи,
как угодно,чӏорохъи,,,,,,,,,ADV,чӏорохъи,
как угодно,чӏобкьо,,,,,,,,,ADV,чӏобкьо,
когда-нибудь,инналъиболло,,,,,,,,,ADV,инналъиболло,
летом,къина,,,,,,,,,ADV,къина,
наверху,гьиъа,,,,,,,,,ADV,гьиъа,
напоказ,гьаъери,,,,,,,,,ADV,гьаъери,
напрасно,адада,,,,,,,,,ADV,адада,
никак,себгуло хъибъа,,,,,,,,,ADV,себгуло хъибъа,
никогда,онщигуло,,,,,,,,,ADV,онщигуло,
ничего,тӏирилоссу,,,,,,,,,ADV,тӏирилоссу,
ничего,себгуло,,,,,,,,,ADV,себгуло,
отдельно,батӏа,,,,,,,,,ADV,батӏа,
откуда,инуккусси,,,,,,,,,ADV,инуккусси,
по-другому,себлолхъиба,,,,,,,,,ADV,себлолхъиба,
подряд,бехудусседу,,,,,,,,,ADV,бехудусседу,
поздно,кватӏунну,,,,,,,,,ADV,кватӏунну,
полночь,рокьирелъол,,,,,,,,,ADV,рокьирелъол,
почему,"ил.ъо, иллъий",,,,,,,,,ADV,"ил.ъо, иллъий",
сверху,"гьиъакку, лъобакку",,,,,,,,,ADV,"гьиъакку, лъобакку",
спокойно,параъати,,,,,,,,,ADV,параъати,
спокойно,сабрулъа,,,,,,,,,ADV,сабрулъа,
точно,битӏи,,,,,,,,,ADV,битӏи,
точно,дуруси,,,,,,,,,ADV,дуруси,
если удобно (наречие),санаъалъир,,,,,,,,,ADV,санаъалъир,
где,ину,,,,,,,,,ADV,ину,
долго,бигьу заман,,,,,,,,,ADV,бигьу заман,
мало,колӏи,,,,,,,,,ADV,колӏи,
мало,мичӏигу,,,,,,,,,ADV,мичӏигу,
в будущем году,гьиъойа,,,,,,,,,ADV,гьиъойа,
вдруг,хапиду,,,,,,,,,ADV,хапиду,
весной,риба,,,,,,,,,ADV,риба,
вечером,гьечӏодоъо,,,,,,,,,ADV,гьечӏодоъо,
взамен,миса,,,,,,,,,ADV,миса,
впервые,эсседугуло,,,,,,,,,ADV,эсседугуло,
всюду,инукку инало,,,,,,,,,ADV,инукку инало,
достаточно,гьитӏо,,,,,,,,,ADV,гьитӏо,
за пазухой,гъвакьу,,,,,,,,,ADV,гъвакьу,
зачем,иллъиди,,,,,,,,,ADV,иллъиди,
как,икьи,,,,,,,,,ADV,икьи,
легко,лъолколъи,,,,,,,,,ADV,лъолколъи,
можно,лъийа,,,,,,,,,ADV,лъийа,
на виду,гьаъери,,,,,,,,,ADV,гьаъери,
навстречу,бади,,,,,,,,,ADV,бади,
немного,мичӏимуха,,,,,,,,,ADV,мичӏимуха,
немного,бигьулгуссу,,,,,,,,,ADV,бигьулгуссу,
неправильно,битӏиссу,,,,,,,,,ADV,битӏиссу,
ни за что,абада,,,,,,,,,ADV,абада,
никуда,себгулолди,,,,,,,,,ADV,себгулолди,
ниоткуда,себгулоллъуккуссу,,,,,,,,,ADV,себгулоллъуккуссу,
нисколько,себгулоссу,,,,,,,,,ADV,себгулоссу,
понемногу,мичӏи-мичӏи,,,,,,,,,ADV,мичӏи-мичӏи,
постоянно,иннагуло,,,,,,,,,ADV,иннагуло,
прочь,гьервади,,,,,,,,,ADV,гьервади,
снова,гьинджесси,,,,,,,,,ADV,гьинджесси,
криво,орива,,,,,,,,,ADV,орива,
на улице,гьонхъи,,,,,,,,,ADV,гьонхъи,
на улице,къатӏила,,,,,,,,,ADV,къатӏила,
похожий,аблъин,,,,,,"авлъин, айлъин, арлъин, аблъин",,,ADJ,аблъин:a :лъин,
чистый,берцӏцӏом,,,,,,"берцӏцӏом, верцӏцӏом, йерцӏцӏомол",,,ADJ,берцӏцӏом:ерцӏцӏом,
пустой,бечӏугу,,,,,,"бечӏугу, речӏугу",,,ADJ,бечӏугу:ечӏугу,
большой,бечӏуха,,,,,,"бечӏуха, вечӏуха, йечӏуха, йечӏухол",,,ADJ,бечӏуха:ечӏуха,
ваш,биссиб,,,,,,"биссив, биссивул, биссий, биссийил, биссиб, биссибул",,,ADJ,биссиб:бисси,
любой,бокьараб,,,,,,бокьарай,,,ADJ,бокьараб:бокьара,
пьяный,бегулъий,,,,,,"вегулъий, йегулъий",,,ADJ,бегулъий:егулъий,
высокий,беххула,,,,,,"вехула, йехулол",,,ADJ,беххула:еххула,
черный,бечӏедир,,,,,,"вечӏедир, йечӏедирол",,,ADJ,бечӏедир:ечӏедир,
тонкий,беъора,,,,,,"веъора, йеъора, веъорол, йеъорол",,,ADJ,беъора:еъора,
правильный,битӏи,,,,,,"вутӏи, йитӏи, ритӏи",,,ADJ,битӏи:тӏи,
прямой,битӏи,,,,,,"вутӏи, йитӏи, ритӏи",,,ADJ,битӏи:тӏи,
толстый,биши,,,,,,"вуши, биши, йиши, вушол, йишол",,,ADJ,биши:ши,
толстяк,биши,,,,,,"вуши, биши, йиши, вушол, йишол",,,ADJ,биши:ши,
сам,живгу,,,,,,"живгу, жийгу, жибгу, живулгу, жийилгу, жибулгу",,,ADJ,жибгу:жи :гу,
все,жибулгу,,,,,,"жийилгу, живулгу, жибулгу",,,ADJ,жибулгу:жи :улгу,
холодный,зархуб,,,,,,"зархур, зархуб",,,ADJ,зархуб:зарху,
последний,вехудивасси,,,,,,"йехудийасси, бехудибасси, рехудирасси, вохудивассол, йехудийассол, бехудибассол, рехудирассол,",,,ADJ,бехудибасси:ехуди :асси,
следующий,вехудусси,,,,,,"йехудусси, бехудусси, вехудуссол",,,ADJ,бехудусси:ехудусси,
длинный,беххула,,,,,,"йеххула, беххула, реххула, веххула, веххулол, йеххулол",,,ADJ,беххула:еххула,
долгий,беххула,,,,,,"йеххула, беххула, реххула, веххула, веххулол, йеххулол",,,ADJ,беххула:еххула,
мертвый,бичӏой,,,,,,"йичӏой, вучӏой, йочӏой, вочӏой",,,ADJ,бичӏой:чӏой,
средний,бокьусси,,,,,,"йокьусси, вокьусси, рокьусси",,,ADJ,бокьусси:окьусси,
старый,бохор,,,,,,"йохор, вохор, йохорол, вохорол",,,ADJ,бохор:охор,
низкий (скорее о живых),бочо,,,,,,"йочо, бочо, рочо, вочол, йочол, бочол",,,ADJ,бочо:очо,
короткий,бочо,,,,,,"йочо, вочо, рочо, вочол, йочол, бочол",,,ADJ,бочо:очо,
горячий,бекӏкӏуб,,,,,,рекӏкӏуб,,,ADJ,бекӏкӏуб:екӏкӏуб[b],
густой,бекъуб,,,,,,рекъуб,,,ADJ,бекъуб:екъуб[b],
сухой,бекъуб,,,,,,рекъуб,,,ADJ,бекъуб:екъуб[b],
прочный,бещийа,,,,,,рещийа,,,ADJ,бещийа:ещийа,
прямой,битӏи,,,,,,ритӏи,,,ADJ,битӏи:тӏи,
мокрый,битӏонниб,,,,,,"ритӏонниб, ротӏоннибул, ботӏоннибул",,,ADJ,битӏонниб:тӏонниб[b],
полный,бицӏцӏиб,,,,,,"рицӏцӏиб, вуцӏцӏиб, йицӏцӏиб, воцӏцӏибул, йоцӏцӏибул,",,,ADJ,бицӏцӏиб:цӏцӏиб[b],
испорченный,бичӏоб,,,,,,ричӏоб,,,ADJ,бичӏоб:чӏоб[b],
целый,бичӏоссуб,,,,,,"ричӏоссуб, вучӏоссуб, йичӏоссуб, вочӏоссубул, йочӏоссубул",,,ADJ,бичӏоссуб:чӏоссуб[b],
жаркий,букьиб,,,,,,рукьиб,,,ADJ,букьиб:укьиб[b],
другой,себло,,,,,,"севло, сейло, себло, севулло, сейилло, себулло",,,ADJ,себло:се :ло,
никакой,себгулоссу,,,,,,"сергулоссу, севгулоссу, сейгулоссу",,,ADJ,себгулоссу:се :гулоссу,
никто,себгулоссу,,,,,,"сергулоссу, севгулоссу, сейгулоссу",,,ADJ,себгулоссу:се :гулоссу,
блестящий,цӏцӏвакуниб,,,,,,цӏцӏвакунир,,,ADJ,цӏцӏвакуниб:цӏцӏвакуни,
хороший,шуб,,,,,,"шув, шур, шуй, шубул, шурил, шуйил, шувул",,,ADJ,шуб:шу,
белый,гьацӏа,,,,,,,,,ADJ,гьацӏа,
желтый,чакку,,,,,,,,,ADJ,чакку,
зеленый,хвечи,,,,,,,,,ADJ,хвечи,
новый,цӏиᵸву,,,,,,,,,ADJ,цӏиᵸву,
слепой,ботӏи,,,,,,,,,ADJ,ботӏи,
узкий,чӏчӏитӏир,,,,,,,,,ADJ,чӏчӏитӏир,
широкий,аб,,,,,,,,,ADJ,аб[b],
глубокий,уди,,,,,,,,,ADJ,уди,
грязный,чуруки,,,,,,,,,ADJ,чуруки,
жидкий,лъему,,,,,,,,,ADJ,лъему,
кислый,цӏцӏикӏкӏу,,,,,,,,,ADJ,цӏцӏикӏкӏу,
кривой,чӏило,,,,,чӏилол,,,,ADJ,чӏило,
кривой,гъвенчӏил,,,,,гъвенчӏилол,,,,ADJ,гъвенчӏил,
левый,кучӏил,,,,,,,,,ADJ,кучӏил,
молодой,олохъан,,,,,,,,,ADJ,олохъан,
низкий (скорее о вещах),кьухъур,,,,,,,,,ADJ,кьухъур,
теплый,унсса,,,,,,,,,ADJ,унсса,
хромой,рекъу,,,,,,,,,ADJ,рекъу,
красный,гьири,,,,,,,,,ADJ,гьири,
синий,хвечи,,,,,,,,,ADJ,хвечи,
худой,хъелла,,,,,,,,,ADJ,хъелла,
бедный,бискин,,,,,,,,,ADJ,бискин,
беременная,гьанъо,,,,,,,,,ADJ,гьанъо,
глупый,тохи,,,,,,,,,ADJ,тохи,
жирный,чора,,,,,,,,,ADJ,чора,
жирный (бульон),чӏачӏи,,,,,,,,,ADJ,чӏачӏи,
здоровый,сагъи,,,,,,,,,ADJ,сагъи,
каждый,джиб,,,,,,,,,ADJ,джиб[b],
красивый,багъу,,,,,,,,,ADJ,багъу,
легкий,лъолколъи,,,,,,,,,ADJ,лъолколъи,
мелкий,чӏантӏи,,,,,,,,,ADJ,чӏантӏи,
сильный,къваку,,,,,,,,,ADJ,къваку,
тяжелый,гьокӏору,,,,,,,,,ADJ,гьокӏору,
горький,букьин,,,,,,,,,ADJ,букьин,
круглый,гургума,,,,,,,,,ADJ,гургума,
правый,гьанчӏчӏил,,,,,,,,,ADJ,гьанчӏчӏил,
сладкий,мицӏа,,,,,,,,,ADJ,мицӏа,
холодный,содо,,,,,,,,,ADJ,содо,
маленький,мичӏи,,,,,,,,,ADJ,мичӏи,
аккуратный,уцӏцӏилойсси,,,,,,,,,ADJ,уцӏцӏилойсси,
алюминий,тутийа,"б, б",тутийал,тутийалӏи,тутийалилӏи,,,,,ADJ,тутийа,
быстрый,хехи,,,,,,,,,ADJ,хехи,
верхний,гьиъасси,,,,,,,,,ADJ,гьиъасси,
вкусный,мицӏцӏа,,,,,,,,,ADJ,мицӏцӏа,
внутренний,гьинусси,,,,,,,,,ADJ,гьинусси,
вчерашний,сунисси,,,,,,,,,ADJ,сунисси,
готовый,гьадур,,,,,,,,,ADJ,гьадур,
грубый,хъачӏи,,,,,,,,,ADJ,хъачӏи,
дырявый,багимаша,,,,,,,,,ADJ,багимаша,
жребий,мужру,"б, б",мужродул,мужрулӏи,мужродалӏи,,,,,ADJ,мужру,
здешний,гьолъусси,,,,,,,,,ADJ,гьолъусси,
какой,илӏисси,,,,,,,,,ADJ,илӏисси,
косой,къалчӏар,,,,,,,,,ADJ,къалчӏар,
нижний,гьикьуккуси,,,,,,,,,ADJ,гьикьуккуси,
передний,сседусси,,,,,,,,,ADJ,сседусси,
подлый,хӏалихьати,,,,,,,,,ADJ,хӏалихьати,
свободный,элолъир,,,,,,,,,ADJ,элолъир,
скупой,къинниб,,,,,,,,,ADJ,къинниб[b],
слабый,загӏип,,,,,,,,,ADJ,загӏип,
странный,тамаша,,,,,,,,,ADJ,тамаша,
такой,гьенебдий,,,,,,,,,ADJ,гьенебдий,
удивительный,тамаша,,,,,,,,,ADJ,тамаша,
утренний,охходоросси,,,,,,,,,ADJ,охходоросси,
щедрый,йахӏилжа,,,,,,,,,ADJ,йахӏилжа,
ясный,рахоб,,,,,,,,,ADJ,рахоб[b],
богатый,буртӏа,,,,,,,,,ADJ,буртӏа,
больной,рукъудосси,,,"рукъудоссишур, рукъудоссилӏи",,,,,,ADJ,рукъудосси,
живой,чӏаго,,,,,,,,,ADJ,чӏаго,
ленивый,кӏвагьал,,,,,,,,,ADJ,кӏвагьал,
острый,бар,,,,,,,,,ADJ,бар,
первый,эсседусси,,,,,,,,,ADJ,эсседусси,
плохой,тӏулу,,,,,,,,,ADJ,тӏулу,
серый,хъвейи,,,,,,,,,ADJ,хъвейи,
темный,ботӏи,,,,,,,,,ADJ,ботӏи,
умный,цӏцӏудур,,,,,,,,,ADJ,цӏцӏудур,
глухой,гоъи,,,,,,,,,ADJ,гоъи,
мягкий,лъуна,,,,,,,,,ADJ,лъуна,
жестокий,хъуби,,,,,,,,,ADJ,хъуби,
веселый,рокӏоъило,,,,,,,,,ADJ,рокӏоъило,
ветхий,кьира,,,,,,,,,ADJ,кьира,
вспыльчивый,ххеххи,,,,,,,,,ADJ,ххеххи,
голодный,чолтоб,,,,,,,,,ADJ,чолтоб[b],
девятый,гьочӏолдеб,,,,,,,,,ADJ,гьочӏолдеб[b],
дикий,алхулӏи,,,,,,,,,ADJ,алхулӏи,
довольный,рази,,,,,,,,,ADJ,рази,
достоверный,кьучӏчӏилойсси,,,,,,,,,ADJ,кьучӏчӏилойсси,
женский,йошулилӏи,,,,,,,,,ADJ,йошулилӏи,
завидный,севлеху,,,,,,,,,ADJ,севлеху,
завтрашний,шеласси,,,,,,,,,ADJ,шеласси,
избалованный,лъака,,,,,,,,,ADJ,лъака,
изобильный,гьарза,"б, б",гьарзол,гьарзалӏи,гьарзолилӏи,,,,,ADJ,гьарза,
истинный,гьакъаб,,,,,,,,,ADJ,гьакъаб[b],
лишний,экӏу,,,,,,,,,ADJ,экӏу,
любимый,ххира,,,,,,,,,ADJ,ххира,
медлительный,илӏохъи,,,,,,,,,ADJ,илӏохъи,
мутный,аргъван,,,,,,,,,ADJ,аргъван,
настоящий,битӏибиши,,,,,,,,,ADJ,битӏибиши,
полезный,мунпаъати,,,,,,,,,ADJ,мунпаъати,
посторонний,гьекӏуб,,,,,,,,,ADJ,гьекӏуб[b],
прежний,нукӏвалсси,,,,,,,,,ADJ,нукӏвалсси,
прошлогодний,собсси,,,,,,,,,ADJ,собсси,
редкий,мичӏчӏиру,,,,,,,,,ADJ,мичӏчӏиру,
скользкий,чӏчӏари,,,,,,,,,ADJ,чӏчӏари,
сырой,анниб,,,,,,,,,ADJ,анниб[b],
тайный,къеча,,,,,,,,,ADJ,къеча,
терпеливый,сабрулойсси,,,,,,,,,ADJ,сабрулойсси,
тесный,къинтӏи,,,,,,,,,ADJ,къинтӏи,
тощий,хъелла,,,,,,,,,ADJ,хъелла,
трусливый,ццуццул,,,,,,,,,ADJ,ццуццул,
хитрец,ссихӏир,,,,,,,,,ADJ,ссихӏир,
хитрый,ссихӏир,,,,,,,,,ADJ,ссихӏир,
хитрый (ребенку),иприти,,,,,,,,,ADJ,ссихӏир,
гладкий,ламмиб,,,,,,,,,ADJ,ламмиб[b],
светлый,кванор,,,,,,,,,ADJ,кванор,
соленый,цӏцӏонъон,,,,,,,,,ADJ,цӏцӏонъон,
твердый,къвакӏунниб,,,,,,,,,ADJ,къвакӏунниб[b],
тупой,барссуб,,,,,,,,,ADJ,барссуб[b],
жадный,къинниб,,,,,,,,,ADJ,къинниб[b],
алчный,къинниб,,,,,,,,,ADJ,къинниб[b],
вежливый,лъуна,,,,,,,,,ADJ,лъуна,
вонючий,шанжа,,,,,,,,,ADJ,шанжа,
доверчивый,бужуролӏи,,,,,,,,,ADJ,бужуролӏи,
мудрый,акъил,,,,,,,,,ADJ,акъил,
ночной,гьечӏодоъосси,,,,,,,,,ADJ,гьечӏодоъосси,
нужный,къорокъой,,,,,,,,,ADJ,къорокъой,
отдельный,батӏа,,,,,,,,,ADJ,батӏа,
покорный,мукъур,,,,,,,,,ADJ,мукъур,
покорный,мутӏичи,,,,,,,,,ADJ,мутӏичи,
рыжий,чади,,,,,,,,,ADJ,чади,
рыхлый,лъуна,,,,,,,,,ADJ,лъуна,
свой,энлӏигу,,,,,,,,,ADJ,энлӏигу,
спокойный,параъати,,,,,,,,,ADJ,параъати,
старинный,кьира,,,,,,,,,ADJ,кьира,
старинный,сседусси,,,,,,,,,ADJ,сседусси,
трудный,реччи,,,,,,,,,ADJ,реччи,
крепкий,къвакӏунниб,,,,,,,,,ADJ,къвакӏунниб[b],
некрасивый,ригьинто,,,,,,,,,ADJ,ригьинто,
сложный,реччи,,,,,,,,,ADJ,реччи,
согласный,рази,,,,,,,,,ADJ,рази,
гордый,пахру,,,,,,,,,ADJ,пахру,
прости (букв. сверху слезай),гьиъакку вулӏи,,,,,,"гьиъакку йулӏи, вуъомул, йуъомул",,,,,
с приездом,вушодо,,,,,,"йишодо, бишодо, вашолдо, йашолдо",,,,,
остовайтесь (в ответ на пожелание счастливого пути),вокӏобул,,,,,,йокӏобул,,,,,
праздник борозды (букв. семя забирать),шен рухир,,,,,,,,,,,
как дела?,ахӏвал хӏал?,,,,,,,,,,,
пусть будет во благо! (пожелание),алхІамдулиллагь,,,,,,,,,,,
здоровья! (пожелание),сагъилъир,,,,,,,,,,,
приветствие,асаламгӏалайкум,,,,,,,,,,,
ответ на приветствие,вагӏалайкум салам,,,,,,,,,,,
как твои дела?,(дуб) ибгъи хӏал?,,,,,,,,,,,
хорошо (ответ на вопрос “как дела?”),шуб хӏал,,,,,,,,,,,
спасибо,алхӏамдулиля,,,,,,,,,,,
как здоровье?,сагъилъир икьи?,,,,,,,,,,,
какие новости?,батӏа цӏиᵸву ибгъи?,,,,,,,,,,,
как семья?,хъизан икьи?,,,,,,,,,,,
как семья?,хъизанулӏи ибгъи хӏал?,,,,,,,,,,,
ты кто?,мен ибгъи?,,,,,,,,,,,
счастливого пути,микъи битӏилъи,,,,,,,,,,,
спокойной ночи,релъо шурлъидо,,,,,,,,,,,
передай привет Аминат,Аминатиъо салам босо,,,,,,,,,,,
спасибо за все,баркалла джиб данхъи,,,,,,,,,,,
счастья вам,роххор,,,,,,,,,,,
удачи тебе,дуй шуб гъибъасси,,,,,,,,,,,
гордый,бечӏуха ъайда,,,,,,,,,,,
